img_name,group
c0001.mha,c0001.mha
c0002.mha,c0002.mha
c0003.mha,c0003.mha
c0004.mha,c0004.mha
c0005.mha,c0005.mha
c0006.mha,c0006.mha
c0007.mha,c0007.mha
c0008.mha,c0008.mha
c0009.mha,c0009.mha
c0010.mha,c0010.mha
c0011.mha,c0011.mha
c0012.mha,c0012.mha
c0013.mha,c0013.mha
c0014.mha,c0014.mha
c0015.mha,c0015.mha
c0017.mha,c0017.mha
c0018.mha,c0018.mha
c0019.mha,c0019.mha
c0020.mha,c0020.mha
c0021.mha,c0021.mha
c0022.mha,c0022.mha
c0023.mha,c0023.mha
c0025.mha,c0025.mha
c0026.mha,c0026.mha
c0027.mha,c0027.mha
c0028.mha,c0028.mha
c0029.mha,c0029.mha
c0030.mha,c0030.mha
c0031.mha,c0031.mha
c0032.mha,c0032.mha
c0033.mha,c0033.mha
c0034.mha,c0034.mha
c0035.mha,c0035.mha
c0037.mha,c0037.mha
c0038.mha,c0038.mha
c0039.mha,c0039.mha
c0040.mha,c0040.mha
c0041.mha,c0041.mha
c0042.mha,c0042.mha
c0043.mha,c0043.mha
c0044.mha,c0044.mha
c0045.mha,c0045.mha
c0046.mha,c0046.mha
c0047.mha,c0047.mha
c0048.mha,c0048.mha
c0049.mha,c0049.mha
c0050.mha,c0050.mha
c0051.mha,c0051.mha
c0052.mha,c0052.mha
c0053.mha,c0053.mha
c0054.mha,c0054.mha
c0055.mha,c0055.mha
c0056.mha,c0056.mha
c0057.mha,c0057.mha
c0058.mha,c0058.mha
c0059.mha,c0059.mha
c0060.mha,c0060.mha
c0061.mha,c0061.mha
c0064.mha,c0064.mha
c0065.mha,c0065.mha
c0066.mha,c0066.mha
c0067.mha,c0067.mha
c0069.mha,c0069.mha
c0070.mha,c0070.mha
c0071.mha,c0071.mha
c0072.mha,c0072.mha
c0073.mha,c0073.mha
c0074.mha,c0074.mha
c0075.mha,c0075.mha
c0076.mha,c0076.mha
c0077.mha,c0077.mha
c0078.mha,c0078.mha
c0079.mha,c0079.mha
c0080.mha,c0080.mha
c0081.mha,c0081.mha
c0082.mha,c0082.mha
c0083.mha,c0083.mha
c0084.mha,c0084.mha
c0085.mha,c0085.mha
c0086.mha,c0086.mha
c0087.mha,c0087.mha
c0088.mha,c0088.mha
c0089.mha,c0089.mha
c0090.mha,c0090.mha
c0091.mha,c0091.mha
c0092.mha,c0092.mha
c0093.mha,c0093.mha
c0094.mha,c0094.mha
c0095.mha,c0095.mha
c0096.mha,c0096.mha
c0097.mha,c0097.mha
c0098.mha,c0098.mha
c0099.mha,c0099.mha
c0100.mha,c0100.mha
c0101.mha,c0101.mha
c0103.mha,c0103.mha
c0104.mha,c0104.mha
c0105.mha,c0105.mha
c0106.mha,c0106.mha
c0107.mha,c0107.mha
c0108.mha,c0108.mha
c0109.mha,c0109.mha
c0110.mha,c0110.mha
c0111.mha,c0111.mha
c0112.mha,c0112.mha
c0113.mha,c0113.mha
c0114.mha,c0114.mha
c0115.mha,c0115.mha
c0116.mha,c0116.mha
c0117.mha,c0117.mha
c0118.mha,c0118.mha
c0119.mha,c0119.mha
c0120.mha,c0120.mha
c0121.mha,c0121.mha
c0122.mha,c0122.mha
c0123.mha,c0123.mha
c0124.mha,c0124.mha
c0125.mha,c0125.mha
c0126.mha,c0126.mha
c0127.mha,c0127.mha
c0128.mha,c0128.mha
c0129.mha,c0129.mha
c0130.mha,c0130.mha
c0131.mha,c0131.mha
c0132.mha,c0132.mha
c0133.mha,c0133.mha
c0134.mha,c0134.mha
c0135.mha,c0135.mha
c0136.mha,c0136.mha
c0137.mha,c0137.mha
c0138.mha,c0138.mha
c0139.mha,c0139.mha
c0140.mha,c0140.mha
c0141.mha,c0141.mha
c0142.mha,c0142.mha
c0143.mha,c0143.mha
c0145.mha,c0145.mha
c0146.mha,c0146.mha
c0147.mha,c0147.mha
c0148.mha,c0148.mha
c0149.mha,c0149.mha
c0150.mha,c0150.mha
c0151.mha,c0151.mha
c0152.mha,c0152.mha
c0153.mha,c0153.mha
c0154.mha,c0154.mha
c0155.mha,c0155.mha
c0156.mha,c0156.mha
c0157.mha,c0157.mha
c0158.mha,c0158.mha
c0159.mha,c0159.mha
c0160.mha,c0160.mha
c0161.mha,c0161.mha
c0162.mha,c0162.mha
c0163.mha,c0163.mha
c0164.mha,c0164.mha
c0165.mha,c0165.mha
c0166.mha,c0166.mha
c0167.mha,c0167.mha
c0168.mha,c0168.mha
c0169.mha,c0169.mha
c0170.mha,c0170.mha
c0171.mha,c0171.mha
c0172.mha,c0172.mha
c0173.mha,c0173.mha
c0174.mha,c0174.mha
c0175.mha,c0175.mha
c0176.mha,c0176.mha
c0177.mha,c0177.mha
c0178.mha,c0178.mha
c0179.mha,c0179.mha
c0180.mha,c0180.mha
c0181.mha,c0181.mha
c0182.mha,c0182.mha
c0183.mha,c0183.mha
c0184.mha,c0184.mha
c0185.mha,c0185.mha
c0186.mha,c0186.mha
c0187.mha,c0187.mha
c0188.mha,c0188.mha
c0189.mha,c0189.mha
c0190.mha,c0190.mha
c0191.mha,c0191.mha
c0192.mha,c0192.mha
c0194.mha,c0194.mha
c0195.mha,c0195.mha
c0196.mha,c0196.mha
c0197.mha,c0197.mha
c0198.mha,c0198.mha
c0199.mha,c0199.mha
c0200.mha,c0200.mha
c0201.mha,c0201.mha
c0202.mha,c0202.mha
c0203.mha,c0203.mha
c0204.mha,c0204.mha
c0205.mha,c0205.mha
c0206.mha,c0206.mha
c0207.mha,c0207.mha
c0208.mha,c0208.mha
c0209.mha,c0209.mha
c0210.mha,c0210.mha
c0211.mha,c0211.mha
c0212.mha,c0212.mha
c0213.mha,c0213.mha
c0214.mha,c0214.mha
c0215.mha,c0215.mha
c0216.mha,c0216.mha
c0217.mha,c0217.mha
c0218.mha,c0218.mha
c0219.mha,c0219.mha
c0220.mha,c0220.mha
c0221.mha,c0221.mha
c0222.mha,c0222.mha
c0223.mha,c0223.mha
c0224.mha,c0224.mha
c0225.mha,c0225.mha
c0226.mha,c0226.mha
c0227.mha,c0227.mha
c0229.mha,c0229.mha
c0230.mha,c0230.mha
c0231.mha,c0231.mha
c0232.mha,c0232.mha
c0233.mha,c0233.mha
c0234.mha,c0234.mha
c0235.mha,c0235.mha
c0236.mha,c0236.mha
c0237.mha,c0237.mha
c0238.mha,c0238.mha
c0239.mha,c0239.mha
c0240.mha,c0240.mha
c0241.mha,c0241.mha
c0242.mha,c0242.mha
c0243.mha,c0243.mha
c0244.mha,c0244.mha
c0245.mha,c0245.mha
c0246.mha,c0246.mha
c0247.mha,c0247.mha
c0248.mha,c0248.mha
c0249.mha,c0249.mha
c0250.mha,c0250.mha
c0251.mha,c0251.mha
c0252.mha,c0252.mha
c0254.mha,c0254.mha
c0255.mha,c0255.mha
c0256.mha,c0256.mha
c0257.mha,c0257.mha
c0258.mha,c0258.mha
c0259.mha,c0259.mha
c0260.mha,c0260.mha
c0261.mha,c0261.mha
c0262.mha,c0262.mha
c0263.mha,c0263.mha
c0264.mha,c0264.mha
c0265.mha,c0265.mha
c0267.mha,c0267.mha
c0268.mha,c0268.mha
c0269.mha,c0269.mha
c0270.mha,c0270.mha
c0271.mha,c0271.mha
c0272.mha,c0272.mha
c0273.mha,c0273.mha
c0274.mha,c0274.mha
c0275.mha,c0275.mha
c0276.mha,c0276.mha
c0277.mha,c0277.mha
c0278.mha,c0278.mha
c0280.mha,c0280.mha
c0281.mha,c0281.mha
c0282.mha,c0282.mha
c0283.mha,c0283.mha
c0284.mha,c0284.mha
c0285.mha,c0285.mha
c0286.mha,c0286.mha
c0287.mha,c0287.mha
c0288.mha,c0288.mha
c0289.mha,c0289.mha
c0290.mha,c0290.mha
c0291.mha,c0291.mha
c0292.mha,c0292.mha
c0293.mha,c0293.mha
c0294.mha,c0294.mha
c0295.mha,c0295.mha
c0296.mha,c0296.mha
c0297.mha,c0297.mha
c0298.mha,c0298.mha
c0299.mha,c0299.mha
c0300.mha,c0300.mha
c0301.mha,c0301.mha
c0302.mha,c0302.mha
c0303.mha,c0303.mha
c0304.mha,c0304.mha
c0305.mha,c0305.mha
c0306.mha,c0306.mha
c0308.mha,c0308.mha
c0309.mha,c0309.mha
c0310.mha,c0310.mha
c0311.mha,c0311.mha
c0312.mha,c0312.mha
c0313.mha,c0313.mha
c0314.mha,c0314.mha
c0315.mha,c0315.mha
c0316.mha,c0316.mha
c0317.mha,c0317.mha
c0318.mha,c0318.mha
c0319.mha,c0319.mha
c0321.mha,c0321.mha
c0322.mha,c0322.mha
c0323.mha,c0323.mha
c0324.mha,c0324.mha
c0325.mha,c0325.mha
c0326.mha,c0326.mha
c0327.mha,c0327.mha
c0328.mha,c0328.mha
c0329.mha,c0329.mha
c0330.mha,c0330.mha
c0331.mha,c0331.mha
c0332.mha,c0332.mha
c0333.mha,c0333.mha
c0334.mha,c0334.mha
c0335.mha,c0335.mha
c0336.mha,c0336.mha
c0337.mha,c0337.mha
c0338.mha,c0338.mha
c0339.mha,c0339.mha
c0340.mha,c0340.mha
c0341.mha,c0341.mha
c0343.mha,c0343.mha
c0344.mha,c0344.mha
c0345.mha,c0345.mha
c0346.mha,c0346.mha
c0347.mha,c0347.mha
c0348.mha,c0348.mha
c0350.mha,c0350.mha
c0351.mha,c0351.mha
c0353.mha,c0353.mha
c0354.mha,c0354.mha
c0355.mha,c0355.mha
c0356.mha,c0356.mha
c0357.mha,c0357.mha
c0358.mha,c0358.mha
c0359.mha,c0359.mha
c0360.mha,c0360.mha
c0361.mha,c0361.mha
c0362.mha,c0362.mha
c0363.mha,c0363.mha
c0364.mha,c0364.mha
c0365.mha,c0365.mha
c0366.mha,c0366.mha
c0367.mha,c0367.mha
c0368.mha,c0368.mha
c0369.mha,c0369.mha
c0370.mha,c0370.mha
c0371.mha,c0371.mha
c0372.mha,c0372.mha
c0373.mha,c0373.mha
c0374.mha,c0374.mha
c0375.mha,c0375.mha
c0377.mha,c0377.mha
c0379.mha,c0379.mha
c0380.mha,c0380.mha
c0381.mha,c0381.mha
c0382.mha,c0382.mha
c0383.mha,c0383.mha
c0384.mha,c0384.mha
c0385.mha,c0385.mha
c0386.mha,c0386.mha
c0387.mha,c0387.mha
c0388.mha,c0388.mha
c0389.mha,c0389.mha
c0390.mha,c0390.mha
c0391.mha,c0391.mha
c0392.mha,c0392.mha
c0393.mha,c0393.mha
c0394.mha,c0394.mha
c0395.mha,c0395.mha
c0396.mha,c0396.mha
c0397.mha,c0397.mha
c0398.mha,c0398.mha
c0399.mha,c0399.mha
c0400.mha,c0400.mha
c0401.mha,c0401.mha
c0402.mha,c0402.mha
c0403.mha,c0403.mha
c0404.mha,c0404.mha
c0405.mha,c0405.mha
c0406.mha,c0406.mha
c0407.mha,c0407.mha
c0408.mha,c0408.mha
c0409.mha,c0409.mha
c0410.mha,c0410.mha
c0411.mha,c0411.mha
c0412.mha,c0412.mha
c0413.mha,c0413.mha
c0414.mha,c0414.mha
c0415.mha,c0415.mha
c0416.mha,c0416.mha
c0417.mha,c0417.mha
c0418.mha,c0418.mha
c0419.mha,c0419.mha
c0420.mha,c0420.mha
c0421.mha,c0421.mha
c0422.mha,c0422.mha
c0423.mha,c0423.mha
c0424.mha,c0424.mha
c0425.mha,c0425.mha
c0426.mha,c0426.mha
c0427.mha,c0427.mha
c0428.mha,c0428.mha
c0429.mha,c0429.mha
c0430.mha,c0430.mha
c0431.mha,c0431.mha
c0432.mha,c0432.mha
c0433.mha,c0433.mha
c0434.mha,c0434.mha
c0435.mha,c0435.mha
c0436.mha,c0436.mha
c0437.mha,c0437.mha
c0438.mha,c0438.mha
c0439.mha,c0439.mha
c0440.mha,c0440.mha
c0441.mha,c0441.mha
c0442.mha,c0442.mha
c0443.mha,c0443.mha
c0444.mha,c0444.mha
c0445.mha,c0445.mha
c0446.mha,c0446.mha
c0447.mha,c0447.mha
c0448.mha,c0448.mha
c0449.mha,c0449.mha
c0450.mha,c0450.mha
c0451.mha,c0451.mha
c0452.mha,c0452.mha
c0453.mha,c0453.mha
c0454.mha,c0454.mha
c0455.mha,c0455.mha
c0456.mha,c0456.mha
c0457.mha,c0457.mha
c0458.mha,c0458.mha
c0459.mha,c0459.mha
c0460.mha,c0460.mha
c0461.mha,c0461.mha
c0462.mha,c0462.mha
c0463.mha,c0463.mha
c0464.mha,c0464.mha
c0465.mha,c0465.mha
c0466.mha,c0466.mha
c0467.mha,c0467.mha
c0468.mha,c0468.mha
c0469.mha,c0469.mha
c0470.mha,c0470.mha
c0471.mha,c0471.mha
c0472.mha,c0472.mha
c0473.mha,c0473.mha
c0474.mha,c0474.mha
c0475.mha,c0475.mha
c0476.mha,c0476.mha
c0477.mha,c0477.mha
c0478.mha,c0478.mha
c0479.mha,c0479.mha
c0480.mha,c0480.mha
c0481.mha,c0481.mha
c0483.mha,c0483.mha
c0484.mha,c0484.mha
c0485.mha,c0485.mha
c0486.mha,c0486.mha
c0487.mha,c0487.mha
c0488.mha,c0488.mha
c0489.mha,c0489.mha
c0490.mha,c0490.mha
c0491.mha,c0491.mha
c0492.mha,c0492.mha
c0493.mha,c0493.mha
c0494.mha,c0494.mha
c0495.mha,c0495.mha
c0496.mha,c0496.mha
c0497.mha,c0497.mha
c0498.mha,c0498.mha
c0499.mha,c0499.mha
c0500.mha,c0500.mha
c0501.mha,c0501.mha
c0502.mha,c0502.mha
c0503.mha,c0503.mha
c0504.mha,c0504.mha
c0505.mha,c0505.mha
c0506.mha,c0506.mha
c0507.mha,c0507.mha
c0508.mha,c0508.mha
c0509.mha,c0509.mha
c0510.mha,c0510.mha
c0511.mha,c0511.mha
c0512.mha,c0512.mha
c0513.mha,c0513.mha
c0514.mha,c0514.mha
c0515.mha,c0515.mha
c0516.mha,c0516.mha
c0517.mha,c0517.mha
c0518.mha,c0518.mha
c0519.mha,c0519.mha
c0520.mha,c0520.mha
c0521.mha,c0521.mha
c0522.mha,c0522.mha
c0523.mha,c0523.mha
c0524.mha,c0524.mha
c0525.mha,c0525.mha
c0526.mha,c0526.mha
c0527.mha,c0527.mha
c0528.mha,c0528.mha
c0529.mha,c0529.mha
c0530.mha,c0530.mha
c0531.mha,c0531.mha
c0532.mha,c0532.mha
c0533.mha,c0533.mha
c0534.mha,c0534.mha
c0535.mha,c0535.mha
c0536.mha,c0536.mha
c0537.mha,c0537.mha
c0538.mha,c0538.mha
c0539.mha,c0539.mha
c0540.mha,c0540.mha
c0541.mha,c0541.mha
c0542.mha,c0542.mha
c0543.mha,c0543.mha
c0544.mha,c0544.mha
c0545.mha,c0545.mha
c0546.mha,c0546.mha
c0547.mha,c0547.mha
c0548.mha,c0548.mha
c0549.mha,c0549.mha
c0550.mha,c0550.mha
c0551.mha,c0551.mha
c0552.mha,c0552.mha
c0553.mha,c0553.mha
c0554.mha,c0554.mha
c0555.mha,c0555.mha
c0556.mha,c0556.mha
c0557.mha,c0557.mha
c0558.mha,c0558.mha
c0559.mha,c0559.mha
c0560.mha,c0560.mha
c0561.mha,c0561.mha
c0562.mha,c0562.mha
c0563.mha,c0563.mha
c0564.mha,c0564.mha
c0565.mha,c0565.mha
c0566.mha,c0566.mha
c0567.mha,c0567.mha
c0568.mha,c0568.mha
c0569.mha,c0569.mha
c0572.mha,c0572.mha
c0573.mha,c0573.mha
c0574.mha,c0574.mha
c0575.mha,c0575.mha
c0576.mha,c0576.mha
c0577.mha,c0577.mha
c0578.mha,c0578.mha
c0579.mha,c0579.mha
c0580.mha,c0580.mha
c0581.mha,c0581.mha
c0582.mha,c0582.mha
c0583.mha,c0583.mha
c0584.mha,c0584.mha
c0585.mha,c0585.mha
c0586.mha,c0586.mha
c0587.mha,c0587.mha
c0588.mha,c0588.mha
c0589.mha,c0589.mha
c0590.mha,c0590.mha
c0591.mha,c0591.mha
c0592.mha,c0592.mha
c0593.mha,c0593.mha
c0594.mha,c0594.mha
c0595.mha,c0595.mha
c0596.mha,c0596.mha
c0597.mha,c0597.mha
c0598.mha,c0598.mha
c0599.mha,c0599.mha
c0600.mha,c0600.mha
c0601.mha,c0601.mha
c0602.mha,c0602.mha
c0603.mha,c0603.mha
c0604.mha,c0604.mha
c0605.mha,c0605.mha
c0606.mha,c0606.mha
c0607.mha,c0607.mha
c0608.mha,c0608.mha
c0609.mha,c0609.mha
c0610.mha,c0610.mha
c0611.mha,c0611.mha
c0612.mha,c0612.mha
c0613.mha,c0613.mha
c0614.mha,c0614.mha
c0615.mha,c0615.mha
c0616.mha,c0616.mha
c0617.mha,c0617.mha
c0618.mha,c0618.mha
c0619.mha,c0619.mha
c0620.mha,c0620.mha
c0621.mha,c0621.mha
c0622.mha,c0622.mha
c0623.mha,c0623.mha
c0624.mha,c0624.mha
c0625.mha,c0625.mha
c0626.mha,c0626.mha
c0627.mha,c0627.mha
c0628.mha,c0628.mha
c0629.mha,c0629.mha
c0630.mha,c0630.mha
c0631.mha,c0631.mha
c0632.mha,c0632.mha
c0633.mha,c0633.mha
c0634.mha,c0634.mha
c0635.mha,c0635.mha
c0636.mha,c0636.mha
c0637.mha,c0637.mha
c0638.mha,c0638.mha
c0639.mha,c0639.mha
c0640.mha,c0640.mha
c0641.mha,c0641.mha
c0642.mha,c0642.mha
c0643.mha,c0643.mha
c0644.mha,c0644.mha
c0645.mha,c0645.mha
c0646.mha,c0646.mha
c0647.mha,c0647.mha
c0648.mha,c0648.mha
c0649.mha,c0649.mha
c0650.mha,c0650.mha
c0651.mha,c0651.mha
c0652.mha,c0652.mha
c0654.mha,c0654.mha
c0655.mha,c0655.mha
c0656.mha,c0656.mha
c0657.mha,c0657.mha
c0658.mha,c0658.mha
c0659.mha,c0659.mha
c0660.mha,c0660.mha
c0661.mha,c0661.mha
c0662.mha,c0662.mha
c0663.mha,c0663.mha
c0664.mha,c0664.mha
c0665.mha,c0665.mha
c0666.mha,c0666.mha
c0667.mha,c0667.mha
c0668.mha,c0668.mha
c0669.mha,c0669.mha
c0670.mha,c0670.mha
c0671.mha,c0671.mha
c0672.mha,c0672.mha
c0673.mha,c0673.mha
c0674.mha,c0674.mha
c0675.mha,c0675.mha
c0676.mha,c0676.mha
c0677.mha,c0677.mha
c0678.mha,c0678.mha
c0679.mha,c0679.mha
c0680.mha,c0680.mha
c0681.mha,c0681.mha
c0682.mha,c0682.mha
c0683.mha,c0683.mha
c0684.mha,c0684.mha
c0685.mha,c0685.mha
c0686.mha,c0686.mha
c0687.mha,c0687.mha
c0688.mha,c0688.mha
c0689.mha,c0689.mha
c0690.mha,c0690.mha
c0691.mha,c0691.mha
c0692.mha,c0692.mha
c0693.mha,c0693.mha
c0694.mha,c0694.mha
c0695.mha,c0695.mha
c0696.mha,c0696.mha
c0697.mha,c0697.mha
c0698.mha,c0698.mha
c0699.mha,c0699.mha
c0700.mha,c0700.mha
c0701.mha,c0701.mha
c0702.mha,c0702.mha
c0703.mha,c0703.mha
c0704.mha,c0704.mha
c0705.mha,c0705.mha
c0706.mha,c0706.mha
c0707.mha,c0707.mha
c0708.mha,c0708.mha
c0709.mha,c0709.mha
c0710.mha,c0710.mha
c0711.mha,c0711.mha
c0712.mha,c0712.mha
c0713.mha,c0713.mha
c0714.mha,c0714.mha
c0715.mha,c0715.mha
c0716.mha,c0716.mha
c0717.mha,c0717.mha
c0718.mha,c0718.mha
c0719.mha,c0719.mha
c0720.mha,c0720.mha
c0721.mha,c0721.mha
c0722.mha,c0722.mha
c0723.mha,c0723.mha
c0725.mha,c0725.mha
c0726.mha,c0726.mha
c0727.mha,c0727.mha
c0728.mha,c0728.mha
c0729.mha,c0729.mha
c0730.mha,c0730.mha
c0731.mha,c0731.mha
c0733.mha,c0733.mha
c0734.mha,c0734.mha
c0737.mha,c0737.mha
c0738.mha,c0738.mha
c0739.mha,c0739.mha
c0740.mha,c0740.mha
c0741.mha,c0741.mha
c0742.mha,c0742.mha
c0743.mha,c0743.mha
c0744.mha,c0744.mha
c0745.mha,c0745.mha
c0746.mha,c0746.mha
c0747.mha,c0747.mha
c0748.mha,c0748.mha
c0749.mha,c0749.mha
c0750.mha,c0750.mha
c0751.mha,c0751.mha
c0752.mha,c0752.mha
c0753.mha,c0753.mha
c0754.mha,c0754.mha
c0755.mha,c0755.mha
c0756.mha,c0756.mha
c0757.mha,c0757.mha
c0758.mha,c0758.mha
c0759.mha,c0759.mha
c0760.mha,c0760.mha
c0761.mha,c0761.mha
c0762.mha,c0762.mha
c0763.mha,c0763.mha
c0764.mha,c0764.mha
c0765.mha,c0765.mha
c0766.mha,c0766.mha
c0767.mha,c0767.mha
c0768.mha,c0768.mha
c0769.mha,c0769.mha
c0770.mha,c0770.mha
c0771.mha,c0771.mha
c0772.mha,c0772.mha
c0774.mha,c0774.mha
c0775.mha,c0775.mha
c0776.mha,c0776.mha
c0777.mha,c0777.mha
c0778.mha,c0778.mha
c0779.mha,c0779.mha
c0780.mha,c0780.mha
c0781.mha,c0781.mha
c0782.mha,c0782.mha
c0783.mha,c0783.mha
c0784.mha,c0784.mha
c0785.mha,c0785.mha
c0786.mha,c0786.mha
c0787.mha,c0787.mha
c0788.mha,c0788.mha
c0789.mha,c0789.mha
c0790.mha,c0790.mha
c0791.mha,c0791.mha
c0792.mha,c0792.mha
c0793.mha,c0793.mha
c0794.mha,c0794.mha
c0795.mha,c0795.mha
c0796.mha,c0796.mha
c0797.mha,c0797.mha
c0798.mha,c0798.mha
c0799.mha,c0799.mha
c0800.mha,c0800.mha
c0801.mha,c0801.mha
c0802.mha,c0802.mha
c0803.mha,c0803.mha
c0804.mha,c0804.mha
c0805.mha,c0805.mha
c0806.mha,c0806.mha
c0807.mha,c0807.mha
c0808.mha,c0808.mha
c0809.mha,c0809.mha
c0810.mha,c0810.mha
c0812.mha,c0812.mha
c0813.mha,c0813.mha
c0814.mha,c0814.mha
c0815.mha,c0815.mha
c0816.mha,c0816.mha
c0817.mha,c0817.mha
c0818.mha,c0818.mha
c0819.mha,c0819.mha
c0820.mha,c0820.mha
c0822.mha,c0822.mha
c0823.mha,c0823.mha
c0824.mha,c0824.mha
c0825.mha,c0825.mha
c0826.mha,c0826.mha
c0827.mha,c0827.mha
c0828.mha,c0828.mha
c0829.mha,c0829.mha
c0830.mha,c0830.mha
c0831.mha,c0831.mha
c0832.mha,c0832.mha
c0833.mha,c0833.mha
c0834.mha,c0834.mha
c0835.mha,c0835.mha
c0836.mha,c0836.mha
c0837.mha,c0837.mha
c0838.mha,c0838.mha
c0839.mha,c0839.mha
c0840.mha,c0840.mha
c0841.mha,c0841.mha
c0842.mha,c0842.mha
c0843.mha,c0843.mha
c0844.mha,c0844.mha
c0845.mha,c0845.mha
c0846.mha,c0846.mha
c0847.mha,c0847.mha
c0848.mha,c0848.mha
c0849.mha,c0849.mha
c0850.mha,c0850.mha
c0851.mha,c0851.mha
c0852.mha,c0852.mha
c0853.mha,c0853.mha
c0854.mha,c0854.mha
c0855.mha,c0855.mha
c0856.mha,c0856.mha
c0857.mha,c0857.mha
c0858.mha,c0858.mha
c0859.mha,c0859.mha
c0860.mha,c0860.mha
c0861.mha,c0861.mha
c0862.mha,c0862.mha
c0863.mha,c0863.mha
c0864.mha,c0864.mha
c0865.mha,c0865.mha
c0866.mha,c0866.mha
c0867.mha,c0867.mha
c0868.mha,c0868.mha
c0869.mha,c0869.mha
c0870.mha,c0870.mha
c0871.mha,c0871.mha
c0872.mha,c0872.mha
c0873.mha,c0873.mha
c0874.mha,c0874.mha
c0875.mha,c0875.mha
c0876.mha,c0876.mha
c0877.mha,c0877.mha
c0878.mha,c0878.mha
c0879.mha,c0879.mha
c0880.mha,c0880.mha
c0881.mha,c0881.mha
c0882.mha,c0882.mha
c0883.mha,c0883.mha
c0884.mha,c0884.mha
c0885.mha,c0885.mha
c0886.mha,c0886.mha
c0887.mha,c0887.mha
c0888.mha,c0888.mha
c0889.mha,c0889.mha
c0890.mha,c0890.mha
c0891.mha,c0891.mha
c0893.mha,c0893.mha
c0894.mha,c0894.mha
c0895.mha,c0895.mha
c0896.mha,c0896.mha
c0897.mha,c0897.mha
c0898.mha,c0898.mha
c0899.mha,c0899.mha
c0900.mha,c0900.mha
c0901.mha,c0901.mha
c0902.mha,c0902.mha
c0903.mha,c0903.mha
c0904.mha,c0904.mha
c0905.mha,c0905.mha
c0906.mha,c0906.mha
c0907.mha,c0907.mha
c0908.mha,c0908.mha
c0909.mha,c0909.mha
c0910.mha,c0910.mha
c0911.mha,c0911.mha
c0912.mha,c0912.mha
c0913.mha,c0913.mha
c0914.mha,c0914.mha
c0915.mha,c0915.mha
c0916.mha,c0916.mha
c0917.mha,c0917.mha
c0918.mha,c0918.mha
c0919.mha,c0919.mha
c0920.mha,c0920.mha
c0921.mha,c0921.mha
c0922.mha,c0922.mha
c0923.mha,c0923.mha
c0924.mha,c0924.mha
c0925.mha,c0925.mha
c0926.mha,c0926.mha
c0927.mha,c0927.mha
c0928.mha,c0928.mha
c0929.mha,c0929.mha
c0930.mha,c0930.mha
c0931.mha,c0931.mha
c0932.mha,c0932.mha
c0933.mha,c0933.mha
c0934.mha,c0934.mha
c0935.mha,c0935.mha
c0936.mha,c0936.mha
c0937.mha,c0937.mha
c0938.mha,c0938.mha
c0939.mha,c0939.mha
c0940.mha,c0940.mha
c0941.mha,c0941.mha
c0942.mha,c0942.mha
c0943.mha,c0943.mha
c0944.mha,c0944.mha
c0945.mha,c0945.mha
c0946.mha,c0946.mha
c0947.mha,c0947.mha
c0950.mha,c0950.mha
c0951.mha,c0951.mha
c0952.mha,c0952.mha
c0953.mha,c0953.mha
c0954.mha,c0954.mha
c0955.mha,c0955.mha
c0956.mha,c0956.mha
c0957.mha,c0957.mha
c0958.mha,c0958.mha
c0959.mha,c0959.mha
c0960.mha,c0960.mha
c0961.mha,c0961.mha
c0962.mha,c0962.mha
c0963.mha,c0963.mha
c0964.mha,c0964.mha
c0965.mha,c0965.mha
c0966.mha,c0966.mha
c0967.mha,c0967.mha
c0968.mha,c0968.mha
c0969.mha,c0969.mha
c0970.mha,c0970.mha
c0971.mha,c0971.mha
c0972.mha,c0972.mha
c0973.mha,c0973.mha
c0974.mha,c0974.mha
c0976.mha,c0976.mha
c0977.mha,c0977.mha
c0978.mha,c0978.mha
c0979.mha,c0979.mha
c0981.mha,c0981.mha
c0982.mha,c0982.mha
c0983.mha,c0983.mha
c0984.mha,c0984.mha
c0985.mha,c0985.mha
c0986.mha,c0986.mha
c0987.mha,c0987.mha
c0988.mha,c0988.mha
c0989.mha,c0989.mha
c0990.mha,c0990.mha
c0991.mha,c0991.mha
c0992.mha,c0992.mha
c0993.mha,c0993.mha
c0994.mha,c0994.mha
c0995.mha,c0995.mha
c0996.mha,c0996.mha
c0997.mha,c0997.mha
c0998.mha,c0998.mha
c0999.mha,c0999.mha
c1000.mha,c1000.mha
c1001.mha,c1001.mha
c1002.mha,c1002.mha
c1003.mha,c1003.mha
c1004.mha,c1004.mha
c1005.mha,c1005.mha
c1006.mha,c1006.mha
c1007.mha,c1007.mha
c1008.mha,c1008.mha
c1009.mha,c1009.mha
c1010.mha,c1010.mha
c1011.mha,c1011.mha
c1012.mha,c1012.mha
c1013.mha,c1013.mha
c1014.mha,c1014.mha
c1015.mha,c1015.mha
c1016.mha,c1016.mha
c1017.mha,c1017.mha
c1018.mha,c1018.mha
c1019.mha,c1019.mha
c1020.mha,c1020.mha
c1021.mha,c1021.mha
c1023.mha,c1023.mha
c1024.mha,c1024.mha
c1025.mha,c1025.mha
c1026.mha,c1026.mha
c1027.mha,c1027.mha
c1028.mha,c1028.mha
c1029.mha,c1029.mha
c1030.mha,c1030.mha
c1031.mha,c1031.mha
c1032.mha,c1032.mha
c1033.mha,c1033.mha
c1034.mha,c1034.mha
c1035.mha,c1035.mha
c1036.mha,c1036.mha
c1037.mha,c1037.mha
c1038.mha,c1038.mha
c1039.mha,c1039.mha
c1041.mha,c1041.mha
c1042.mha,c1042.mha
c1043.mha,c1043.mha
c1044.mha,c1044.mha
c1045.mha,c1045.mha
c1046.mha,c1046.mha
c1047.mha,c1047.mha
c1048.mha,c1048.mha
c1049.mha,c1049.mha
c1050.mha,c1050.mha
c1051.mha,c1051.mha
c1052.mha,c1052.mha
c1053.mha,c1053.mha
c1056.mha,c1056.mha
c1057.mha,c1057.mha
c1058.mha,c1058.mha
c1059.mha,c1059.mha
c1060.mha,c1060.mha
c1061.mha,c1061.mha
c1062.mha,c1062.mha
c1063.mha,c1063.mha
c1064.mha,c1064.mha
c1065.mha,c1065.mha
c1066.mha,c1066.mha
c1067.mha,c1067.mha
c1068.mha,c1068.mha
c1070.mha,c1070.mha
c1071.mha,c1071.mha
c1072.mha,c1072.mha
c1073.mha,c1073.mha
c1074.mha,c1074.mha
c1075.mha,c1075.mha
c1076.mha,c1076.mha
c1077.mha,c1077.mha
c1078.mha,c1078.mha
c1079.mha,c1079.mha
c1080.mha,c1080.mha
c1081.mha,c1081.mha
c1082.mha,c1082.mha
c1083.mha,c1083.mha
c1084.mha,c1084.mha
c1085.mha,c1085.mha
c1086.mha,c1086.mha
c1087.mha,c1087.mha
c1088.mha,c1088.mha
c1090.mha,c1090.mha
c1091.mha,c1091.mha
c1092.mha,c1092.mha
c1093.mha,c1093.mha
c1096.mha,c1096.mha
c1097.mha,c1097.mha
c1098.mha,c1098.mha
c1099.mha,c1099.mha
c1100.mha,c1100.mha
c1101.mha,c1101.mha
c1102.mha,c1102.mha
c1103.mha,c1103.mha
c1104.mha,c1104.mha
c1105.mha,c1105.mha
c1106.mha,c1106.mha
c1107.mha,c1107.mha
c1108.mha,c1108.mha
c1109.mha,c1109.mha
c1110.mha,c1110.mha
c1111.mha,c1111.mha
c1112.mha,c1112.mha
c1113.mha,c1113.mha
c1114.mha,c1114.mha
c1115.mha,c1115.mha
c1116.mha,c1116.mha
c1117.mha,c1117.mha
c1118.mha,c1118.mha
c1119.mha,c1119.mha
c1120.mha,c1120.mha
c1121.mha,c1121.mha
c1122.mha,c1122.mha
c1123.mha,c1123.mha
c1124.mha,c1124.mha
c1125.mha,c1125.mha
c1127.mha,c1127.mha
c1128.mha,c1128.mha
c1129.mha,c1129.mha
c1130.mha,c1130.mha
c1131.mha,c1131.mha
c1132.mha,c1132.mha
c1133.mha,c1133.mha
c1134.mha,c1134.mha
c1135.mha,c1135.mha
c1136.mha,c1136.mha
c1137.mha,c1137.mha
c1138.mha,c1138.mha
c1139.mha,c1139.mha
c1140.mha,c1140.mha
c1141.mha,c1141.mha
c1142.mha,c1142.mha
c1143.mha,c1143.mha
c1144.mha,c1144.mha
c1145.mha,c1145.mha
c1146.mha,c1146.mha
c1147.mha,c1147.mha
c1148.mha,c1148.mha
c1149.mha,c1149.mha
c1150.mha,c1150.mha
c1151.mha,c1151.mha
c1152.mha,c1152.mha
c1153.mha,c1153.mha
c1154.mha,c1154.mha
c1155.mha,c1155.mha
c1156.mha,c1156.mha
c1157.mha,c1157.mha
c1158.mha,c1158.mha
c1159.mha,c1159.mha
c1160.mha,c1160.mha
c1161.mha,c1161.mha
c1162.mha,c1162.mha
c1163.mha,c1163.mha
c1164.mha,c1164.mha
c1165.mha,c1165.mha
c1166.mha,c1166.mha
c1167.mha,c1167.mha
c1168.mha,c1168.mha
c1170.mha,c1170.mha
c1171.mha,c1171.mha
c1172.mha,c1172.mha
c1173.mha,c1173.mha
c1174.mha,c1174.mha
c1175.mha,c1175.mha
c1176.mha,c1176.mha
c1177.mha,c1177.mha
c1178.mha,c1178.mha
c1179.mha,c1179.mha
c1180.mha,c1180.mha
c1181.mha,c1181.mha
c1182.mha,c1182.mha
c1183.mha,c1183.mha
c1184.mha,c1184.mha
c1185.mha,c1185.mha
c1186.mha,c1186.mha
c1187.mha,c1187.mha
c1188.mha,c1188.mha
c1189.mha,c1189.mha
c1190.mha,c1190.mha
c1191.mha,c1191.mha
c1192.mha,c1192.mha
c1193.mha,c1193.mha
c1194.mha,c1194.mha
c1195.mha,c1195.mha
c1196.mha,c1196.mha
c1197.mha,c1197.mha
c1198.mha,c1198.mha
c1199.mha,c1199.mha
c1200.mha,c1200.mha
c1201.mha,c1201.mha
c1202.mha,c1202.mha
c1203.mha,c1203.mha
c1204.mha,c1204.mha
c1205.mha,c1205.mha
c1206.mha,c1206.mha
c1207.mha,c1207.mha
c1208.mha,c1208.mha
c1209.mha,c1209.mha
c1210.mha,c1210.mha
c1211.mha,c1211.mha
c1212.mha,c1212.mha
c1213.mha,c1213.mha
c1214.mha,c1214.mha
c1215.mha,c1215.mha
c1216.mha,c1216.mha
c1217.mha,c1217.mha
c1218.mha,c1218.mha
c1219.mha,c1219.mha
c1220.mha,c1220.mha
c1221.mha,c1221.mha
c1222.mha,c1222.mha
c1223.mha,c1223.mha
c1224.mha,c1224.mha
c1225.mha,c1225.mha
c1228.mha,c1228.mha
c1229.mha,c1229.mha
c1230.mha,c1230.mha
c1232.mha,c1232.mha
c1233.mha,c1233.mha
c1234.mha,c1234.mha
c1235.mha,c1235.mha
c1236.mha,c1236.mha
c1237.mha,c1237.mha
c1238.mha,c1238.mha
c1239.mha,c1239.mha
c1240.mha,c1240.mha
c1241.mha,c1241.mha
c1242.mha,c1242.mha
c1243.mha,c1243.mha
c1244.mha,c1244.mha
c1245.mha,c1245.mha
c1246.mha,c1246.mha
c1247.mha,c1247.mha
c1248.mha,c1248.mha
c1249.mha,c1249.mha
c1250.mha,c1250.mha
c1251.mha,c1251.mha
c1252.mha,c1252.mha
c1253.mha,c1253.mha
c1255.mha,c1255.mha
c1256.mha,c1256.mha
c1257.mha,c1257.mha
c1258.mha,c1258.mha
c1259.mha,c1259.mha
c1260.mha,c1260.mha
c1261.mha,c1261.mha
c1262.mha,c1262.mha
c1263.mha,c1263.mha
c1264.mha,c1264.mha
c1265.mha,c1265.mha
c1266.mha,c1266.mha
c1267.mha,c1267.mha
c1268.mha,c1268.mha
c1269.mha,c1269.mha
c1270.mha,c1270.mha
c1271.mha,c1271.mha
c1272.mha,c1272.mha
c1273.mha,c1273.mha
c1274.mha,c1274.mha
c1275.mha,c1275.mha
c1276.mha,c1276.mha
c1277.mha,c1277.mha
c1278.mha,c1278.mha
c1279.mha,c1279.mha
c1280.mha,c1280.mha
c1281.mha,c1281.mha
c1282.mha,c1282.mha
c1283.mha,c1283.mha
c1284.mha,c1284.mha
c1285.mha,c1285.mha
c1286.mha,c1286.mha
c1287.mha,c1287.mha
c1288.mha,c1288.mha
c1289.mha,c1289.mha
c1290.mha,c1290.mha
c1291.mha,c1291.mha
c1292.mha,c1292.mha
c1293.mha,c1293.mha
c1294.mha,c1294.mha
c1295.mha,c1295.mha
c1296.mha,c1296.mha
c1297.mha,c1297.mha
c1298.mha,c1298.mha
c1299.mha,c1299.mha
c1300.mha,c1300.mha
c1301.mha,c1301.mha
c1302.mha,c1302.mha
c1303.mha,c1303.mha
c1304.mha,c1304.mha
c1305.mha,c1305.mha
c1306.mha,c1306.mha
c1307.mha,c1307.mha
c1308.mha,c1308.mha
c1309.mha,c1309.mha
c1310.mha,c1310.mha
c1311.mha,c1311.mha
c1312.mha,c1312.mha
c1313.mha,c1313.mha
c1314.mha,c1314.mha
c1315.mha,c1315.mha
c1316.mha,c1316.mha
c1317.mha,c1317.mha
c1318.mha,c1318.mha
c1319.mha,c1319.mha
c1320.mha,c1320.mha
c1321.mha,c1321.mha
c1323.mha,c1323.mha
c1324.mha,c1324.mha
c1325.mha,c1325.mha
c1326.mha,c1326.mha
c1327.mha,c1327.mha
c1328.mha,c1328.mha
c1329.mha,c1329.mha
c1330.mha,c1330.mha
c1331.mha,c1331.mha
c1332.mha,c1332.mha
c1333.mha,c1333.mha
c1334.mha,c1334.mha
c1335.mha,c1335.mha
c1336.mha,c1336.mha
c1337.mha,c1337.mha
c1338.mha,c1338.mha
c1339.mha,c1339.mha
c1340.mha,c1340.mha
c1341.mha,c1341.mha
c1342.mha,c1342.mha
c1344.mha,c1344.mha
c1345.mha,c1345.mha
c1347.mha,c1347.mha
c1348.mha,c1348.mha
c1349.mha,c1349.mha
c1350.mha,c1350.mha
c1351.mha,c1351.mha
c1352.mha,c1352.mha
c1353.mha,c1353.mha
c1354.mha,c1354.mha
c1355.mha,c1355.mha
c1356.mha,c1356.mha
c1357.mha,c1357.mha
c1358.mha,c1358.mha
c1359.mha,c1359.mha
c1360.mha,c1360.mha
c1361.mha,c1361.mha
c1362.mha,c1362.mha
c1363.mha,c1363.mha
c1364.mha,c1364.mha
c1365.mha,c1365.mha
c1366.mha,c1366.mha
c1367.mha,c1367.mha
c1368.mha,c1368.mha
c1369.mha,c1369.mha
c1370.mha,c1370.mha
c1371.mha,c1371.mha
c1372.mha,c1372.mha
c1373.mha,c1373.mha
c1374.mha,c1374.mha
c1375.mha,c1375.mha
c1376.mha,c1376.mha
c1377.mha,c1377.mha
c1378.mha,c1378.mha
c1380.mha,c1380.mha
c1381.mha,c1381.mha
c1382.mha,c1382.mha
c1383.mha,c1383.mha
c1384.mha,c1384.mha
c1385.mha,c1385.mha
c1386.mha,c1386.mha
c1387.mha,c1387.mha
c1388.mha,c1388.mha
c1389.mha,c1389.mha
c1390.mha,c1390.mha
c1391.mha,c1391.mha
c1392.mha,c1392.mha
c1393.mha,c1393.mha
c1395.mha,c1395.mha
c1396.mha,c1396.mha
c1397.mha,c1397.mha
c1398.mha,c1398.mha
c1399.mha,c1399.mha
c1400.mha,c1400.mha
c1401.mha,c1401.mha
c1402.mha,c1402.mha
c1403.mha,c1403.mha
c1404.mha,c1404.mha
c1405.mha,c1405.mha
c1406.mha,c1406.mha
c1407.mha,c1407.mha
c1408.mha,c1408.mha
c1409.mha,c1409.mha
c1410.mha,c1410.mha
c1411.mha,c1411.mha
c1412.mha,c1412.mha
c1413.mha,c1413.mha
c1414.mha,c1414.mha
c1415.mha,c1415.mha
c1416.mha,c1416.mha
c1417.mha,c1417.mha
c1418.mha,c1418.mha
c1419.mha,c1419.mha
c1420.mha,c1420.mha
c1421.mha,c1421.mha
c1422.mha,c1422.mha
c1423.mha,c1423.mha
c1424.mha,c1424.mha
c1425.mha,c1425.mha
c1426.mha,c1426.mha
c1427.mha,c1427.mha
c1428.mha,c1428.mha
c1429.mha,c1429.mha
c1430.mha,c1430.mha
c1431.mha,c1431.mha
c1432.mha,c1432.mha
c1433.mha,c1433.mha
c1434.mha,c1434.mha
c1435.mha,c1435.mha
c1436.mha,c1436.mha
c1437.mha,c1437.mha
c1438.mha,c1438.mha
c1439.mha,c1439.mha
c1440.mha,c1440.mha
c1441.mha,c1441.mha
c1442.mha,c1442.mha
c1443.mha,c1443.mha
c1444.mha,c1444.mha
c1445.mha,c1445.mha
c1446.mha,c1446.mha
c1447.mha,c1447.mha
c1448.mha,c1448.mha
c1449.mha,c1449.mha
c1450.mha,c1450.mha
c1451.mha,c1451.mha
c1452.mha,c1452.mha
c1453.mha,c1453.mha
c1454.mha,c1454.mha
c1455.mha,c1455.mha
c1456.mha,c1456.mha
c1457.mha,c1457.mha
c1458.mha,c1458.mha
c1459.mha,c1459.mha
c1460.mha,c1460.mha
c1461.mha,c1461.mha
c1462.mha,c1462.mha
c1463.mha,c1463.mha
c1464.mha,c1464.mha
c1465.mha,c1465.mha
c1466.mha,c1466.mha
c1467.mha,c1467.mha
c1468.mha,c1468.mha
c1469.mha,c1469.mha
c1470.mha,c1470.mha
c1471.mha,c1471.mha
c1472.mha,c1472.mha
c1473.mha,c1473.mha
c1475.mha,c1475.mha
c1476.mha,c1476.mha
c1477.mha,c1477.mha
c1478.mha,c1478.mha
c1479.mha,c1479.mha
c1480.mha,c1480.mha
c1481.mha,c1481.mha
c1482.mha,c1482.mha
c1483.mha,c1483.mha
c1484.mha,c1484.mha
c1485.mha,c1485.mha
c1486.mha,c1486.mha
c1487.mha,c1487.mha
c1488.mha,c1488.mha
c1489.mha,c1489.mha
c1490.mha,c1490.mha
c1491.mha,c1491.mha
c1492.mha,c1492.mha
c1493.mha,c1493.mha
c1494.mha,c1494.mha
c1495.mha,c1495.mha
c1496.mha,c1496.mha
c1497.mha,c1497.mha
c1498.mha,c1498.mha
c1499.mha,c1499.mha
c1500.mha,c1500.mha
c1501.mha,c1501.mha
c1502.mha,c1502.mha
c1503.mha,c1503.mha
c1504.mha,c1504.mha
c1505.mha,c1505.mha
c1506.mha,c1506.mha
c1507.mha,c1507.mha
c1508.mha,c1508.mha
c1509.mha,c1509.mha
c1510.mha,c1510.mha
c1511.mha,c1511.mha
c1512.mha,c1512.mha
c1513.mha,c1513.mha
c1514.mha,c1514.mha
c1515.mha,c1515.mha
c1516.mha,c1516.mha
c1517.mha,c1517.mha
c1518.mha,c1518.mha
c1519.mha,c1519.mha
c1520.mha,c1520.mha
c1521.mha,c1521.mha
c1522.mha,c1522.mha
c1523.mha,c1523.mha
c1524.mha,c1524.mha
c1525.mha,c1525.mha
c1526.mha,c1526.mha
c1527.mha,c1527.mha
c1528.mha,c1528.mha
c1529.mha,c1529.mha
c1530.mha,c1530.mha
c1531.mha,c1531.mha
c1532.mha,c1532.mha
c1533.mha,c1533.mha
c1534.mha,c1534.mha
c1535.mha,c1535.mha
c1536.mha,c1536.mha
c1537.mha,c1537.mha
c1538.mha,c1538.mha
c1539.mha,c1539.mha
c1540.mha,c1540.mha
c1541.mha,c1541.mha
c1542.mha,c1542.mha
c1543.mha,c1543.mha
c1544.mha,c1544.mha
c1545.mha,c1545.mha
c1546.mha,c1546.mha
c1547.mha,c1547.mha
c1548.mha,c1548.mha
c1549.mha,c1549.mha
c1550.mha,c1550.mha
c1551.mha,c1551.mha
c1552.mha,c1552.mha
c1553.mha,c1553.mha
c1554.mha,c1554.mha
c1555.mha,c1555.mha
c1556.mha,c1556.mha
c1557.mha,c1557.mha
c1558.mha,c1558.mha
c1559.mha,c1559.mha
c1560.mha,c1560.mha
c1561.mha,c1561.mha
c1562.mha,c1562.mha
c1563.mha,c1563.mha
c1564.mha,c1564.mha
c1566.mha,c1566.mha
c1567.mha,c1567.mha
c1568.mha,c1568.mha
c1569.mha,c1569.mha
c1570.mha,c1570.mha
c1571.mha,c1571.mha
c1572.mha,c1572.mha
c1573.mha,c1573.mha
c1574.mha,c1574.mha
c1575.mha,c1575.mha
c1576.mha,c1576.mha
c1578.mha,c1578.mha
c1579.mha,c1579.mha
c1580.mha,c1580.mha
c1581.mha,c1581.mha
c1582.mha,c1582.mha
c1583.mha,c1583.mha
c1584.mha,c1584.mha
c1585.mha,c1585.mha
c1586.mha,c1586.mha
c1587.mha,c1587.mha
c1589.mha,c1589.mha
c1590.mha,c1590.mha
c1591.mha,c1591.mha
c1592.mha,c1592.mha
c1593.mha,c1593.mha
c1594.mha,c1594.mha
c1595.mha,c1595.mha
c1596.mha,c1596.mha
c1597.mha,c1597.mha
c1599.mha,c1599.mha
c1600.mha,c1600.mha
c1601.mha,c1601.mha
c1602.mha,c1602.mha
c1603.mha,c1603.mha
c1604.mha,c1604.mha
c1605.mha,c1605.mha
c1607.mha,c1607.mha
c1608.mha,c1608.mha
c1609.mha,c1609.mha
c1610.mha,c1610.mha
c1611.mha,c1611.mha
c1612.mha,c1612.mha
c1613.mha,c1613.mha
c1614.mha,c1614.mha
c1615.mha,c1615.mha
c1616.mha,c1616.mha
c1617.mha,c1617.mha
c1618.mha,c1618.mha
c1619.mha,c1619.mha
c1620.mha,c1620.mha
c1621.mha,c1621.mha
c1622.mha,c1622.mha
c1623.mha,c1623.mha
c1624.mha,c1624.mha
c1625.mha,c1625.mha
c1626.mha,c1626.mha
c1627.mha,c1627.mha
c1628.mha,c1628.mha
c1629.mha,c1629.mha
c1630.mha,c1630.mha
c1631.mha,c1631.mha
c1632.mha,c1632.mha
c1633.mha,c1633.mha
c1634.mha,c1634.mha
c1635.mha,c1635.mha
c1636.mha,c1636.mha
c1637.mha,c1637.mha
c1638.mha,c1638.mha
c1639.mha,c1639.mha
c1640.mha,c1640.mha
c1641.mha,c1641.mha
c1642.mha,c1642.mha
c1643.mha,c1643.mha
c1645.mha,c1645.mha
c1646.mha,c1646.mha
c1647.mha,c1647.mha
c1648.mha,c1648.mha
c1649.mha,c1649.mha
c1650.mha,c1650.mha
c1651.mha,c1651.mha
c1652.mha,c1652.mha
c1653.mha,c1653.mha
c1654.mha,c1654.mha
c1655.mha,c1655.mha
c1656.mha,c1656.mha
c1657.mha,c1657.mha
c1658.mha,c1658.mha
c1659.mha,c1659.mha
c1660.mha,c1660.mha
c1661.mha,c1661.mha
c1662.mha,c1662.mha
c1663.mha,c1663.mha
c1664.mha,c1664.mha
c1665.mha,c1665.mha
c1666.mha,c1666.mha
c1667.mha,c1667.mha
c1668.mha,c1668.mha
c1669.mha,c1669.mha
c1670.mha,c1670.mha
c1671.mha,c1671.mha
c1672.mha,c1672.mha
c1673.mha,c1673.mha
c1674.mha,c1674.mha
c1675.mha,c1675.mha
c1676.mha,c1676.mha
c1677.mha,c1677.mha
c1678.mha,c1678.mha
c1679.mha,c1679.mha
c1680.mha,c1680.mha
c1681.mha,c1681.mha
c1682.mha,c1682.mha
c1683.mha,c1683.mha
c1684.mha,c1684.mha
c1685.mha,c1685.mha
c1686.mha,c1686.mha
c1687.mha,c1687.mha
c1688.mha,c1688.mha
c1689.mha,c1689.mha
c1690.mha,c1690.mha
c1691.mha,c1691.mha
c1692.mha,c1692.mha
c1693.mha,c1693.mha
c1694.mha,c1694.mha
c1695.mha,c1695.mha
c1696.mha,c1696.mha
c1697.mha,c1697.mha
c1698.mha,c1698.mha
c1699.mha,c1699.mha
c1700.mha,c1700.mha
c1701.mha,c1701.mha
c1702.mha,c1702.mha
c1703.mha,c1703.mha
c1704.mha,c1704.mha
c1705.mha,c1705.mha
c1706.mha,c1706.mha
c1707.mha,c1707.mha
c1708.mha,c1708.mha
c1709.mha,c1709.mha
c1710.mha,c1710.mha
c1711.mha,c1711.mha
c1712.mha,c1712.mha
c1713.mha,c1713.mha
c1714.mha,c1714.mha
c1715.mha,c1715.mha
c1716.mha,c1716.mha
c1717.mha,c1717.mha
c1718.mha,c1718.mha
c1719.mha,c1719.mha
c1720.mha,c1720.mha
c1721.mha,c1721.mha
c1722.mha,c1722.mha
c1723.mha,c1723.mha
c1724.mha,c1724.mha
c1725.mha,c1725.mha
c1726.mha,c1726.mha
c1727.mha,c1727.mha
c1728.mha,c1728.mha
c1729.mha,c1729.mha
c1731.mha,c1731.mha
c1732.mha,c1732.mha
c1733.mha,c1733.mha
c1734.mha,c1734.mha
c1735.mha,c1735.mha
c1736.mha,c1736.mha
c1737.mha,c1737.mha
c1738.mha,c1738.mha
c1739.mha,c1739.mha
c1740.mha,c1740.mha
c1742.mha,c1742.mha
c1743.mha,c1743.mha
c1744.mha,c1744.mha
c1745.mha,c1745.mha
c1746.mha,c1746.mha
c1747.mha,c1747.mha
c1748.mha,c1748.mha
c1749.mha,c1749.mha
c1750.mha,c1750.mha
c1751.mha,c1751.mha
c1752.mha,c1752.mha
c1753.mha,c1753.mha
c1754.mha,c1754.mha
c1755.mha,c1755.mha
c1756.mha,c1756.mha
c1757.mha,c1757.mha
c1758.mha,c1758.mha
c1759.mha,c1759.mha
c1760.mha,c1760.mha
c1761.mha,c1761.mha
c1762.mha,c1762.mha
c1763.mha,c1763.mha
c1765.mha,c1765.mha
c1766.mha,c1766.mha
c1767.mha,c1767.mha
c1768.mha,c1768.mha
c1769.mha,c1769.mha
c1770.mha,c1770.mha
c1771.mha,c1771.mha
c1772.mha,c1772.mha
c1773.mha,c1773.mha
c1774.mha,c1774.mha
c1775.mha,c1775.mha
c1776.mha,c1776.mha
c1777.mha,c1777.mha
c1778.mha,c1778.mha
c1779.mha,c1779.mha
c1780.mha,c1780.mha
c1781.mha,c1781.mha
c1782.mha,c1782.mha
c1783.mha,c1783.mha
c1784.mha,c1784.mha
c1785.mha,c1785.mha
c1786.mha,c1786.mha
c1787.mha,c1787.mha
c1788.mha,c1788.mha
c1789.mha,c1789.mha
c1790.mha,c1790.mha
c1791.mha,c1791.mha
c1792.mha,c1792.mha
c1793.mha,c1793.mha
c1794.mha,c1794.mha
c1795.mha,c1795.mha
c1796.mha,c1796.mha
c1797.mha,c1797.mha
c1798.mha,c1798.mha
c1799.mha,c1799.mha
c1800.mha,c1800.mha
c1801.mha,c1801.mha
c1802.mha,c1802.mha
c1803.mha,c1803.mha
c1804.mha,c1804.mha
c1805.mha,c1805.mha
c1806.mha,c1806.mha
c1807.mha,c1807.mha
c1808.mha,c1808.mha
c1809.mha,c1809.mha
c1810.mha,c1810.mha
c1811.mha,c1811.mha
c1812.mha,c1812.mha
c1813.mha,c1813.mha
c1814.mha,c1814.mha
c1815.mha,c1815.mha
c1816.mha,c1816.mha
c1817.mha,c1817.mha
c1818.mha,c1818.mha
c1819.mha,c1819.mha
c1820.mha,c1820.mha
c1821.mha,c1821.mha
c1822.mha,c1822.mha
c1823.mha,c1823.mha
c1824.mha,c1824.mha
c1825.mha,c1825.mha
c1826.mha,c1826.mha
c1827.mha,c1827.mha
c1828.mha,c1828.mha
c1829.mha,c1829.mha
c1831.mha,c1831.mha
c1832.mha,c1832.mha
c1833.mha,c1833.mha
c1834.mha,c1834.mha
c1835.mha,c1835.mha
c1836.mha,c1836.mha
c1837.mha,c1837.mha
c1838.mha,c1838.mha
c1839.mha,c1839.mha
c1840.mha,c1840.mha
c1841.mha,c1841.mha
c1842.mha,c1842.mha
c1843.mha,c1843.mha
c1844.mha,c1844.mha
c1845.mha,c1845.mha
c1846.mha,c1846.mha
c1847.mha,c1847.mha
c1848.mha,c1848.mha
c1849.mha,c1849.mha
c1850.mha,c1850.mha
c1851.mha,c1851.mha
c1852.mha,c1852.mha
c1853.mha,c1853.mha
c1854.mha,c1854.mha
c1855.mha,c1855.mha
c1856.mha,c1856.mha
c1857.mha,c1857.mha
c1858.mha,c1858.mha
c1859.mha,c1859.mha
c1860.mha,c1860.mha
c1861.mha,c1861.mha
c1862.mha,c1862.mha
c1863.mha,c1863.mha
c1864.mha,c1864.mha
c1865.mha,c1865.mha
c1866.mha,c1866.mha
c1867.mha,c1867.mha
c1868.mha,c1868.mha
c1869.mha,c1869.mha
c1870.mha,c1870.mha
c1871.mha,c1871.mha
c1872.mha,c1872.mha
c1873.mha,c1873.mha
c1874.mha,c1874.mha
c1875.mha,c1875.mha
c1876.mha,c1876.mha
c1877.mha,c1877.mha
c1878.mha,c1878.mha
c1879.mha,c1879.mha
c1880.mha,c1880.mha
c1881.mha,c1881.mha
c1882.mha,c1882.mha
c1883.mha,c1883.mha
c1884.mha,c1884.mha
c1885.mha,c1885.mha
c1886.mha,c1886.mha
c1888.mha,c1888.mha
c1889.mha,c1889.mha
c1890.mha,c1890.mha
c1892.mha,c1892.mha
c1893.mha,c1893.mha
c1894.mha,c1894.mha
c1895.mha,c1895.mha
c1896.mha,c1896.mha
c1897.mha,c1897.mha
c1898.mha,c1898.mha
c1899.mha,c1899.mha
c1900.mha,c1900.mha
c1901.mha,c1901.mha
c1902.mha,c1902.mha
c1903.mha,c1903.mha
c1904.mha,c1904.mha
c1905.mha,c1905.mha
c1906.mha,c1906.mha
c1907.mha,c1907.mha
c1908.mha,c1908.mha
c1909.mha,c1909.mha
c1911.mha,c1911.mha
c1912.mha,c1912.mha
c1913.mha,c1913.mha
c1914.mha,c1914.mha
c1915.mha,c1915.mha
c1916.mha,c1916.mha
c1917.mha,c1917.mha
c1918.mha,c1918.mha
c1919.mha,c1919.mha
c1920.mha,c1920.mha
c1921.mha,c1921.mha
c1922.mha,c1922.mha
c1923.mha,c1923.mha
c1924.mha,c1924.mha
c1925.mha,c1925.mha
c1926.mha,c1926.mha
c1927.mha,c1927.mha
c1928.mha,c1928.mha
c1929.mha,c1929.mha
c1930.mha,c1930.mha
c1931.mha,c1931.mha
c1932.mha,c1932.mha
c1933.mha,c1933.mha
c1934.mha,c1934.mha
c1935.mha,c1935.mha
c1936.mha,c1936.mha
c1937.mha,c1937.mha
c1938.mha,c1938.mha
c1939.mha,c1939.mha
c1940.mha,c1940.mha
c1941.mha,c1941.mha
c1942.mha,c1942.mha
c1943.mha,c1943.mha
c1944.mha,c1944.mha
c1945.mha,c1945.mha
c1946.mha,c1946.mha
c1947.mha,c1947.mha
c1948.mha,c1948.mha
c1949.mha,c1949.mha
c1950.mha,c1950.mha
c1951.mha,c1951.mha
c1952.mha,c1952.mha
c1953.mha,c1953.mha
c1954.mha,c1954.mha
c1955.mha,c1955.mha
c1956.mha,c1956.mha
c1957.mha,c1957.mha
c1958.mha,c1958.mha
c1959.mha,c1959.mha
c1960.mha,c1960.mha
c1961.mha,c1961.mha
c1962.mha,c1962.mha
c1963.mha,c1963.mha
c1964.mha,c1964.mha
c1965.mha,c1965.mha
c1966.mha,c1966.mha
c1967.mha,c1967.mha
c1968.mha,c1968.mha
c1969.mha,c1969.mha
c1970.mha,c1970.mha
c1971.mha,c1971.mha
c1972.mha,c1972.mha
c1973.mha,c1973.mha
c1974.mha,c1974.mha
c1975.mha,c1975.mha
c1976.mha,c1976.mha
c1977.mha,c1977.mha
c1978.mha,c1978.mha
c1979.mha,c1979.mha
c1980.mha,c1980.mha
c1981.mha,c1981.mha
c1982.mha,c1982.mha
c1983.mha,c1983.mha
c1984.mha,c1984.mha
c1985.mha,c1985.mha
c1986.mha,c1986.mha
c1987.mha,c1987.mha
c1988.mha,c1988.mha
c1989.mha,c1989.mha
c1990.mha,c1990.mha
c1991.mha,c1991.mha
c1992.mha,c1992.mha
c1993.mha,c1993.mha
c1994.mha,c1994.mha
c1995.mha,c1995.mha
c1996.mha,c1996.mha
c1997.mha,c1997.mha
c1998.mha,c1998.mha
c1999.mha,c1999.mha
c2000.mha,c2000.mha
c2001.mha,c2001.mha
c2002.mha,c2002.mha
c2003.mha,c2003.mha
c2004.mha,c2004.mha
c2005.mha,c2005.mha
c2006.mha,c2006.mha
c2007.mha,c2007.mha
c2008.mha,c2008.mha
c2009.mha,c2009.mha
c2010.mha,c2010.mha
c2011.mha,c2011.mha
c2012.mha,c2012.mha
c2013.mha,c2013.mha
c2014.mha,c2014.mha
c2015.mha,c2015.mha
c2016.mha,c2016.mha
c2017.mha,c2017.mha
c2018.mha,c2018.mha
c2019.mha,c2019.mha
c2020.mha,c2020.mha
c2021.mha,c2021.mha
c2022.mha,c2022.mha
c2023.mha,c2023.mha
c2024.mha,c2024.mha
c2025.mha,c2025.mha
c2026.mha,c2026.mha
c2027.mha,c2027.mha
c2028.mha,c2028.mha
c2030.mha,c2030.mha
c2031.mha,c2031.mha
c2032.mha,c2032.mha
c2033.mha,c2033.mha
c2034.mha,c2034.mha
c2035.mha,c2035.mha
c2036.mha,c2036.mha
c2037.mha,c2037.mha
c2038.mha,c2038.mha
c2039.mha,c2039.mha
c2040.mha,c2040.mha
c2041.mha,c2041.mha
c2042.mha,c2042.mha
c2044.mha,c2044.mha
c2045.mha,c2045.mha
c2046.mha,c2046.mha
c2047.mha,c2047.mha
c2048.mha,c2048.mha
c2049.mha,c2049.mha
c2050.mha,c2050.mha
c2051.mha,c2051.mha
c2052.mha,c2052.mha
c2053.mha,c2053.mha
c2054.mha,c2054.mha
c2055.mha,c2055.mha
c2056.mha,c2056.mha
c2057.mha,c2057.mha
c2058.mha,c2058.mha
c2059.mha,c2059.mha
c2060.mha,c2060.mha
c2061.mha,c2061.mha
c2062.mha,c2062.mha
c2063.mha,c2063.mha
c2064.mha,c2064.mha
c2065.mha,c2065.mha
c2066.mha,c2066.mha
c2067.mha,c2067.mha
c2068.mha,c2068.mha
c2069.mha,c2069.mha
c2070.mha,c2070.mha
c2071.mha,c2071.mha
c2072.mha,c2072.mha
c2073.mha,c2073.mha
c2074.mha,c2074.mha
c2075.mha,c2075.mha
c2076.mha,c2076.mha
c2077.mha,c2077.mha
c2078.mha,c2078.mha
c2079.mha,c2079.mha
c2080.mha,c2080.mha
c2081.mha,c2081.mha
c2082.mha,c2082.mha
c2083.mha,c2083.mha
c2084.mha,c2084.mha
c2085.mha,c2085.mha
c2088.mha,c2088.mha
c2089.mha,c2089.mha
c2090.mha,c2090.mha
c2091.mha,c2091.mha
c2092.mha,c2092.mha
c2093.mha,c2093.mha
c2094.mha,c2094.mha
c2095.mha,c2095.mha
c2096.mha,c2096.mha
c2097.mha,c2097.mha
c2098.mha,c2098.mha
c2099.mha,c2099.mha
c2100.mha,c2100.mha
c2101.mha,c2101.mha
c2102.mha,c2102.mha
c2103.mha,c2103.mha
c2105.mha,c2105.mha
c2106.mha,c2106.mha
c2107.mha,c2107.mha
c2108.mha,c2108.mha
c2109.mha,c2109.mha
c2110.mha,c2110.mha
c2111.mha,c2111.mha
c2112.mha,c2112.mha
c2113.mha,c2113.mha
c2114.mha,c2114.mha
c2115.mha,c2115.mha
c2116.mha,c2116.mha
c2117.mha,c2117.mha
c2118.mha,c2118.mha
c2119.mha,c2119.mha
c2120.mha,c2120.mha
c2121.mha,c2121.mha
c2122.mha,c2122.mha
c2123.mha,c2123.mha
c2124.mha,c2124.mha
c2125.mha,c2125.mha
c2126.mha,c2126.mha
c2127.mha,c2127.mha
c2128.mha,c2128.mha
c2129.mha,c2129.mha
c2130.mha,c2130.mha
c2131.mha,c2131.mha
c2132.mha,c2132.mha
c2133.mha,c2133.mha
c2134.mha,c2134.mha
c2135.mha,c2135.mha
c2136.mha,c2136.mha
c2137.mha,c2137.mha
c2138.mha,c2138.mha
c2139.mha,c2139.mha
c2140.mha,c2140.mha
c2141.mha,c2141.mha
c2142.mha,c2142.mha
c2143.mha,c2143.mha
c2144.mha,c2144.mha
c2145.mha,c2145.mha
c2146.mha,c2146.mha
c2147.mha,c2147.mha
c2148.mha,c2148.mha
c2149.mha,c2149.mha
c2150.mha,c2150.mha
c2151.mha,c2151.mha
c2152.mha,c2152.mha
c2153.mha,c2153.mha
c2154.mha,c2154.mha
c2155.mha,c2155.mha
c2156.mha,c2156.mha
c2157.mha,c2157.mha
c2158.mha,c2158.mha
c2159.mha,c2159.mha
c2160.mha,c2160.mha
c2161.mha,c2161.mha
c2162.mha,c2162.mha
c2163.mha,c2163.mha
c2164.mha,c2164.mha
c2165.mha,c2165.mha
c2166.mha,c2166.mha
c2167.mha,c2167.mha
c2168.mha,c2168.mha
c2169.mha,c2169.mha
c2170.mha,c2170.mha
c2172.mha,c2172.mha
c2173.mha,c2173.mha
c2174.mha,c2174.mha
c2175.mha,c2175.mha
c2176.mha,c2176.mha
c2178.mha,c2178.mha
c2179.mha,c2179.mha
c2180.mha,c2180.mha
c2182.mha,c2182.mha
c2183.mha,c2183.mha
c2184.mha,c2184.mha
c2185.mha,c2185.mha
c2186.mha,c2186.mha
c2187.mha,c2187.mha
c2188.mha,c2188.mha
c2189.mha,c2189.mha
c2190.mha,c2190.mha
c2191.mha,c2191.mha
c2192.mha,c2192.mha
c2193.mha,c2193.mha
c2194.mha,c2194.mha
c2196.mha,c2196.mha
c2197.mha,c2197.mha
c2198.mha,c2198.mha
c2199.mha,c2199.mha
c2200.mha,c2200.mha
c2201.mha,c2201.mha
c2202.mha,c2202.mha
c2203.mha,c2203.mha
c2204.mha,c2204.mha
c2205.mha,c2205.mha
c2206.mha,c2206.mha
c2207.mha,c2207.mha
c2208.mha,c2208.mha
c2209.mha,c2209.mha
c2211.mha,c2211.mha
c2212.mha,c2212.mha
c2213.mha,c2213.mha
c2214.mha,c2214.mha
c2215.mha,c2215.mha
c2216.mha,c2216.mha
c2217.mha,c2217.mha
c2218.mha,c2218.mha
c2219.mha,c2219.mha
c2220.mha,c2220.mha
c2221.mha,c2221.mha
c2222.mha,c2222.mha
c2223.mha,c2223.mha
c2224.mha,c2224.mha
c2225.mha,c2225.mha
c2226.mha,c2226.mha
c2227.mha,c2227.mha
c2229.mha,c2229.mha
c2230.mha,c2230.mha
c2231.mha,c2231.mha
c2232.mha,c2232.mha
c2233.mha,c2233.mha
c2234.mha,c2234.mha
c2235.mha,c2235.mha
c2236.mha,c2236.mha
c2237.mha,c2237.mha
c2238.mha,c2238.mha
c2239.mha,c2239.mha
c2240.mha,c2240.mha
c2241.mha,c2241.mha
c2242.mha,c2242.mha
c2243.mha,c2243.mha
c2244.mha,c2244.mha
c2245.mha,c2245.mha
c2246.mha,c2246.mha
c2247.mha,c2247.mha
c2248.mha,c2248.mha
c2249.mha,c2249.mha
c2250.mha,c2250.mha
c2251.mha,c2251.mha
c2252.mha,c2252.mha
c2253.mha,c2253.mha
c2254.mha,c2254.mha
c2255.mha,c2255.mha
c2256.mha,c2256.mha
c2257.mha,c2257.mha
c2258.mha,c2258.mha
c2259.mha,c2259.mha
c2260.mha,c2260.mha
c2261.mha,c2261.mha
c2262.mha,c2262.mha
c2263.mha,c2263.mha
c2265.mha,c2265.mha
c2266.mha,c2266.mha
c2267.mha,c2267.mha
c2268.mha,c2268.mha
c2269.mha,c2269.mha
c2270.mha,c2270.mha
c2272.mha,c2272.mha
c2273.mha,c2273.mha
c2274.mha,c2274.mha
c2275.mha,c2275.mha
c2276.mha,c2276.mha
c2277.mha,c2277.mha
c2278.mha,c2278.mha
c2280.mha,c2280.mha
c2281.mha,c2281.mha
c2282.mha,c2282.mha
c2283.mha,c2283.mha
c2284.mha,c2284.mha
c2285.mha,c2285.mha
c2286.mha,c2286.mha
c2288.mha,c2288.mha
c2289.mha,c2289.mha
c2290.mha,c2290.mha
c2291.mha,c2291.mha
c2292.mha,c2292.mha
c2293.mha,c2293.mha
c2294.mha,c2294.mha
c2295.mha,c2295.mha
c2296.mha,c2296.mha
c2297.mha,c2297.mha
c2298.mha,c2298.mha
c2299.mha,c2299.mha
c2300.mha,c2300.mha
c2301.mha,c2301.mha
c2302.mha,c2302.mha
c2304.mha,c2304.mha
c2305.mha,c2305.mha
c2306.mha,c2306.mha
c2307.mha,c2307.mha
c2308.mha,c2308.mha
c2309.mha,c2309.mha
c2310.mha,c2310.mha
c2311.mha,c2311.mha
c2312.mha,c2312.mha
c2313.mha,c2313.mha
c2314.mha,c2314.mha
c2315.mha,c2315.mha
c2316.mha,c2316.mha
c2317.mha,c2317.mha
c2318.mha,c2318.mha
c2319.mha,c2319.mha
c2320.mha,c2320.mha
c2321.mha,c2321.mha
c2322.mha,c2322.mha
c2323.mha,c2323.mha
c2324.mha,c2324.mha
c2325.mha,c2325.mha
c2326.mha,c2326.mha
c2327.mha,c2327.mha
c2328.mha,c2328.mha
c2329.mha,c2329.mha
c2330.mha,c2330.mha
c2331.mha,c2331.mha
c2332.mha,c2332.mha
c2333.mha,c2333.mha
c2336.mha,c2336.mha
c2337.mha,c2337.mha
c2338.mha,c2338.mha
c2339.mha,c2339.mha
c2341.mha,c2341.mha
c2342.mha,c2342.mha
c2343.mha,c2343.mha
c2344.mha,c2344.mha
c2345.mha,c2345.mha
c2346.mha,c2346.mha
c2347.mha,c2347.mha
c2348.mha,c2348.mha
c2349.mha,c2349.mha
c2350.mha,c2350.mha
c2351.mha,c2351.mha
c2352.mha,c2352.mha
c2353.mha,c2353.mha
c2354.mha,c2354.mha
c2355.mha,c2355.mha
c2356.mha,c2356.mha
c2358.mha,c2358.mha
c2359.mha,c2359.mha
c2360.mha,c2360.mha
c2361.mha,c2361.mha
c2362.mha,c2362.mha
c2363.mha,c2363.mha
c2364.mha,c2364.mha
c2365.mha,c2365.mha
c2366.mha,c2366.mha
c2367.mha,c2367.mha
c2368.mha,c2368.mha
c2369.mha,c2369.mha
c2370.mha,c2370.mha
c2371.mha,c2371.mha
c2372.mha,c2372.mha
c2373.mha,c2373.mha
c2374.mha,c2374.mha
c2375.mha,c2375.mha
c2376.mha,c2376.mha
c2377.mha,c2377.mha
c2378.mha,c2378.mha
c2379.mha,c2379.mha
c2380.mha,c2380.mha
c2382.mha,c2382.mha
c2383.mha,c2383.mha
c2384.mha,c2384.mha
c2385.mha,c2385.mha
c2386.mha,c2386.mha
c2387.mha,c2387.mha
c2388.mha,c2388.mha
c2389.mha,c2389.mha
c2390.mha,c2390.mha
c2391.mha,c2391.mha
c2392.mha,c2392.mha
c2393.mha,c2393.mha
c2394.mha,c2394.mha
c2395.mha,c2395.mha
c2396.mha,c2396.mha
c2397.mha,c2397.mha
c2398.mha,c2398.mha
c2399.mha,c2399.mha
c2400.mha,c2400.mha
c2401.mha,c2401.mha
c2402.mha,c2402.mha
c2403.mha,c2403.mha
c2404.mha,c2404.mha
c2405.mha,c2405.mha
c2406.mha,c2406.mha
c2407.mha,c2407.mha
c2408.mha,c2408.mha
c2409.mha,c2409.mha
c2410.mha,c2410.mha
c2411.mha,c2411.mha
c2412.mha,c2412.mha
c2413.mha,c2413.mha
c2414.mha,c2414.mha
c2415.mha,c2415.mha
c2416.mha,c2416.mha
c2417.mha,c2417.mha
c2418.mha,c2418.mha
c2419.mha,c2419.mha
c2420.mha,c2420.mha
c2421.mha,c2421.mha
c2423.mha,c2423.mha
c2424.mha,c2424.mha
c2425.mha,c2425.mha
c2426.mha,c2426.mha
c2427.mha,c2427.mha
c2428.mha,c2428.mha
c2429.mha,c2429.mha
c2430.mha,c2430.mha
c2431.mha,c2431.mha
c2432.mha,c2432.mha
c2433.mha,c2433.mha
c2434.mha,c2434.mha
c2435.mha,c2435.mha
c2436.mha,c2436.mha
c2437.mha,c2437.mha
c2438.mha,c2438.mha
c2439.mha,c2439.mha
c2440.mha,c2440.mha
c2441.mha,c2441.mha
c2442.mha,c2442.mha
c2443.mha,c2443.mha
c2444.mha,c2444.mha
c2445.mha,c2445.mha
c2446.mha,c2446.mha
c2447.mha,c2447.mha
c2448.mha,c2448.mha
c2449.mha,c2449.mha
c2450.mha,c2450.mha
c2451.mha,c2451.mha
c2452.mha,c2452.mha
c2453.mha,c2453.mha
c2454.mha,c2454.mha
c2455.mha,c2455.mha
c2456.mha,c2456.mha
c2457.mha,c2457.mha
c2458.mha,c2458.mha
c2459.mha,c2459.mha
c2460.mha,c2460.mha
c2461.mha,c2461.mha
c2462.mha,c2462.mha
c2463.mha,c2463.mha
c2464.mha,c2464.mha
c2465.mha,c2465.mha
c2466.mha,c2466.mha
c2467.mha,c2467.mha
c2468.mha,c2468.mha
c2469.mha,c2469.mha
c2470.mha,c2470.mha
c2471.mha,c2471.mha
c2472.mha,c2472.mha
c2473.mha,c2473.mha
c2474.mha,c2474.mha
c2475.mha,c2475.mha
c2476.mha,c2476.mha
c2477.mha,c2477.mha
c2478.mha,c2478.mha
c2479.mha,c2479.mha
c2480.mha,c2480.mha
c2481.mha,c2481.mha
c2482.mha,c2482.mha
c2483.mha,c2483.mha
c2484.mha,c2484.mha
c2485.mha,c2485.mha
c2486.mha,c2486.mha
c2487.mha,c2487.mha
c2488.mha,c2488.mha
c2489.mha,c2489.mha
c2490.mha,c2490.mha
c2491.mha,c2491.mha
c2492.mha,c2492.mha
c2493.mha,c2493.mha
c2494.mha,c2494.mha
c2495.mha,c2495.mha
c2496.mha,c2496.mha
c2497.mha,c2497.mha
c2498.mha,c2498.mha
c2499.mha,c2499.mha
c2500.mha,c2500.mha
c2501.mha,c2501.mha
c2502.mha,c2502.mha
c2503.mha,c2503.mha
c2504.mha,c2504.mha
c2505.mha,c2505.mha
c2506.mha,c2506.mha
c2507.mha,c2507.mha
c2508.mha,c2508.mha
c2509.mha,c2509.mha
c2510.mha,c2510.mha
c2511.mha,c2511.mha
c2512.mha,c2512.mha
c2513.mha,c2513.mha
c2514.mha,c2514.mha
c2515.mha,c2515.mha
c2516.mha,c2516.mha
c2517.mha,c2517.mha
c2518.mha,c2518.mha
c2519.mha,c2519.mha
c2520.mha,c2520.mha
c2521.mha,c2521.mha
c2522.mha,c2522.mha
c2523.mha,c2523.mha
c2524.mha,c2524.mha
c2525.mha,c2525.mha
c2526.mha,c2526.mha
c2527.mha,c2527.mha
c2528.mha,c2528.mha
c2529.mha,c2529.mha
c2530.mha,c2530.mha
c2531.mha,c2531.mha
c2532.mha,c2532.mha
c2533.mha,c2533.mha
c2534.mha,c2534.mha
c2535.mha,c2535.mha
c2536.mha,c2536.mha
c2537.mha,c2537.mha
c2538.mha,c2538.mha
c2539.mha,c2539.mha
c2540.mha,c2540.mha
c2541.mha,c2541.mha
c2542.mha,c2542.mha
c2543.mha,c2543.mha
c2544.mha,c2544.mha
c2545.mha,c2545.mha
c2546.mha,c2546.mha
c2547.mha,c2547.mha
c2548.mha,c2548.mha
c2549.mha,c2549.mha
c2550.mha,c2550.mha
c2551.mha,c2551.mha
c2552.mha,c2552.mha
c2553.mha,c2553.mha
c2554.mha,c2554.mha
c2555.mha,c2555.mha
c2556.mha,c2556.mha
c2557.mha,c2557.mha
c2558.mha,c2558.mha
c2559.mha,c2559.mha
c2560.mha,c2560.mha
c2561.mha,c2561.mha
c2562.mha,c2562.mha
c2563.mha,c2563.mha
c2564.mha,c2564.mha
c2565.mha,c2565.mha
c2566.mha,c2566.mha
c2567.mha,c2567.mha
c2568.mha,c2568.mha
c2569.mha,c2569.mha
c2570.mha,c2570.mha
c2571.mha,c2571.mha
c2572.mha,c2572.mha
c2573.mha,c2573.mha
c2574.mha,c2574.mha
c2575.mha,c2575.mha
c2576.mha,c2576.mha
c2577.mha,c2577.mha
c2578.mha,c2578.mha
c2579.mha,c2579.mha
c2580.mha,c2580.mha
c2581.mha,c2581.mha
c2582.mha,c2582.mha
c2583.mha,c2583.mha
c2584.mha,c2584.mha
c2585.mha,c2585.mha
c2586.mha,c2586.mha
c2587.mha,c2587.mha
c2588.mha,c2588.mha
c2589.mha,c2589.mha
c2590.mha,c2590.mha
c2591.mha,c2591.mha
c2592.mha,c2592.mha
c2593.mha,c2593.mha
c2594.mha,c2594.mha
c2595.mha,c2595.mha
c2596.mha,c2596.mha
c2597.mha,c2597.mha
c2598.mha,c2598.mha
c2599.mha,c2599.mha
c2600.mha,c2600.mha
c2601.mha,c2601.mha
c2602.mha,c2602.mha
c2603.mha,c2603.mha
c2604.mha,c2604.mha
c2605.mha,c2605.mha
c2606.mha,c2606.mha
c2607.mha,c2607.mha
c2608.mha,c2608.mha
c2609.mha,c2609.mha
c2610.mha,c2610.mha
c2611.mha,c2611.mha
c2612.mha,c2612.mha
c2613.mha,c2613.mha
c2614.mha,c2614.mha
c2615.mha,c2615.mha
c2616.mha,c2616.mha
c2617.mha,c2617.mha
c2618.mha,c2618.mha
c2619.mha,c2619.mha
c2620.mha,c2620.mha
c2621.mha,c2621.mha
c2622.mha,c2622.mha
c2623.mha,c2623.mha
c2624.mha,c2624.mha
c2625.mha,c2625.mha
c2626.mha,c2626.mha
c2627.mha,c2627.mha
c2628.mha,c2628.mha
c2629.mha,c2629.mha
c2630.mha,c2630.mha
c2631.mha,c2631.mha
c2632.mha,c2632.mha
c2633.mha,c2633.mha
c2634.mha,c2634.mha
c2635.mha,c2635.mha
c2636.mha,c2636.mha
c2637.mha,c2637.mha
c2638.mha,c2638.mha
c2639.mha,c2639.mha
c2640.mha,c2640.mha
c2641.mha,c2641.mha
c2642.mha,c2642.mha
c2643.mha,c2643.mha
c2644.mha,c2644.mha
c2645.mha,c2645.mha
c2646.mha,c2646.mha
c2647.mha,c2647.mha
c2648.mha,c2648.mha
c2649.mha,c2649.mha
c2650.mha,c2650.mha
c2651.mha,c2651.mha
c2652.mha,c2652.mha
c2653.mha,c2653.mha
c2654.mha,c2654.mha
c2655.mha,c2655.mha
c2656.mha,c2656.mha
c2657.mha,c2657.mha
c2658.mha,c2658.mha
c2659.mha,c2659.mha
c2660.mha,c2660.mha
c2661.mha,c2661.mha
c2662.mha,c2662.mha
c2663.mha,c2663.mha
c2665.mha,c2665.mha
c2666.mha,c2666.mha
c2667.mha,c2667.mha
c2668.mha,c2668.mha
c2669.mha,c2669.mha
c2670.mha,c2670.mha
c2671.mha,c2671.mha
c2672.mha,c2672.mha
c2673.mha,c2673.mha
c2674.mha,c2674.mha
c2675.mha,c2675.mha
c2676.mha,c2676.mha
c2677.mha,c2677.mha
c2678.mha,c2678.mha
c2679.mha,c2679.mha
c2680.mha,c2680.mha
c2681.mha,c2681.mha
c2682.mha,c2682.mha
c2683.mha,c2683.mha
c2684.mha,c2684.mha
c2685.mha,c2685.mha
c2686.mha,c2686.mha
c2687.mha,c2687.mha
c2688.mha,c2688.mha
c2689.mha,c2689.mha
c2690.mha,c2690.mha
c2692.mha,c2692.mha
c2693.mha,c2693.mha
c2694.mha,c2694.mha
c2695.mha,c2695.mha
c2696.mha,c2696.mha
c2697.mha,c2697.mha
c2698.mha,c2698.mha
c2699.mha,c2699.mha
c2700.mha,c2700.mha
c2701.mha,c2701.mha
c2702.mha,c2702.mha
c2703.mha,c2703.mha
c2704.mha,c2704.mha
c2705.mha,c2705.mha
c2706.mha,c2706.mha
c2707.mha,c2707.mha
c2708.mha,c2708.mha
c2709.mha,c2709.mha
c2710.mha,c2710.mha
c2711.mha,c2711.mha
c2712.mha,c2712.mha
c2713.mha,c2713.mha
c2714.mha,c2714.mha
c2715.mha,c2715.mha
c2716.mha,c2716.mha
c2717.mha,c2717.mha
c2718.mha,c2718.mha
c2719.mha,c2719.mha
c2720.mha,c2720.mha
c2721.mha,c2721.mha
c2722.mha,c2722.mha
c2723.mha,c2723.mha
c2725.mha,c2725.mha
c2726.mha,c2726.mha
c2727.mha,c2727.mha
c2728.mha,c2728.mha
c2729.mha,c2729.mha
c2730.mha,c2730.mha
c2731.mha,c2731.mha
c2732.mha,c2732.mha
c2733.mha,c2733.mha
c2734.mha,c2734.mha
c2735.mha,c2735.mha
c2736.mha,c2736.mha
c2737.mha,c2737.mha
c2738.mha,c2738.mha
c2739.mha,c2739.mha
c2741.mha,c2741.mha
c2742.mha,c2742.mha
c2743.mha,c2743.mha
c2744.mha,c2744.mha
c2745.mha,c2745.mha
c2746.mha,c2746.mha
c2747.mha,c2747.mha
c2748.mha,c2748.mha
c2749.mha,c2749.mha
c2750.mha,c2750.mha
c2751.mha,c2751.mha
c2752.mha,c2752.mha
c2753.mha,c2753.mha
c2754.mha,c2754.mha
c2755.mha,c2755.mha
c2756.mha,c2756.mha
c2757.mha,c2757.mha
c2758.mha,c2758.mha
c2759.mha,c2759.mha
c2760.mha,c2760.mha
c2761.mha,c2761.mha
c2762.mha,c2762.mha
c2763.mha,c2763.mha
c2764.mha,c2764.mha
c2765.mha,c2765.mha
c2766.mha,c2766.mha
c2767.mha,c2767.mha
c2769.mha,c2769.mha
c2770.mha,c2770.mha
c2771.mha,c2771.mha
c2772.mha,c2772.mha
c2773.mha,c2773.mha
c2774.mha,c2774.mha
c2775.mha,c2775.mha
c2776.mha,c2776.mha
c2777.mha,c2777.mha
c2778.mha,c2778.mha
c2779.mha,c2779.mha
c2780.mha,c2780.mha
c2781.mha,c2781.mha
c2782.mha,c2782.mha
c2783.mha,c2783.mha
c2784.mha,c2784.mha
c2785.mha,c2785.mha
c2786.mha,c2786.mha
c2787.mha,c2787.mha
c2788.mha,c2788.mha
c2789.mha,c2789.mha
c2790.mha,c2790.mha
c2791.mha,c2791.mha
c2792.mha,c2792.mha
c2793.mha,c2793.mha
c2794.mha,c2794.mha
c2795.mha,c2795.mha
c2796.mha,c2796.mha
c2797.mha,c2797.mha
c2798.mha,c2798.mha
c2799.mha,c2799.mha
c2800.mha,c2800.mha
c2801.mha,c2801.mha
c2802.mha,c2802.mha
c2803.mha,c2803.mha
c2804.mha,c2804.mha
c2805.mha,c2805.mha
c2806.mha,c2806.mha
c2807.mha,c2807.mha
c2808.mha,c2808.mha
c2809.mha,c2809.mha
c2810.mha,c2810.mha
c2811.mha,c2811.mha
c2812.mha,c2812.mha
c2813.mha,c2813.mha
c2814.mha,c2814.mha
c2815.mha,c2815.mha
c2816.mha,c2816.mha
c2817.mha,c2817.mha
c2818.mha,c2818.mha
c2819.mha,c2819.mha
c2820.mha,c2820.mha
c2821.mha,c2821.mha
c2822.mha,c2822.mha
c2824.mha,c2824.mha
c2825.mha,c2825.mha
c2826.mha,c2826.mha
c2827.mha,c2827.mha
c2828.mha,c2828.mha
c2829.mha,c2829.mha
c2830.mha,c2830.mha
c2831.mha,c2831.mha
c2832.mha,c2832.mha
c2833.mha,c2833.mha
c2834.mha,c2834.mha
c2835.mha,c2835.mha
c2836.mha,c2836.mha
c2837.mha,c2837.mha
c2838.mha,c2838.mha
c2839.mha,c2839.mha
c2840.mha,c2840.mha
c2841.mha,c2841.mha
c2842.mha,c2842.mha
c2843.mha,c2843.mha
c2844.mha,c2844.mha
c2845.mha,c2845.mha
c2846.mha,c2846.mha
c2847.mha,c2847.mha
c2848.mha,c2848.mha
c2849.mha,c2849.mha
c2850.mha,c2850.mha
c2851.mha,c2851.mha
c2852.mha,c2852.mha
c2853.mha,c2853.mha
c2854.mha,c2854.mha
c2856.mha,c2856.mha
c2857.mha,c2857.mha
c2858.mha,c2858.mha
c2859.mha,c2859.mha
c2860.mha,c2860.mha
c2862.mha,c2862.mha
c2863.mha,c2863.mha
c2864.mha,c2864.mha
c2865.mha,c2865.mha
c2866.mha,c2866.mha
c2867.mha,c2867.mha
c2868.mha,c2868.mha
c2869.mha,c2869.mha
c2870.mha,c2870.mha
c2871.mha,c2871.mha
c2872.mha,c2872.mha
c2873.mha,c2873.mha
c2874.mha,c2874.mha
c2875.mha,c2875.mha
c2876.mha,c2876.mha
c2877.mha,c2877.mha
c2878.mha,c2878.mha
c2879.mha,c2879.mha
c2880.mha,c2880.mha
c2881.mha,c2881.mha
c2882.mha,c2882.mha
c2883.mha,c2883.mha
c2884.mha,c2884.mha
c2885.mha,c2885.mha
c2886.mha,c2886.mha
c2887.mha,c2887.mha
c2888.mha,c2888.mha
c2889.mha,c2889.mha
c2890.mha,c2890.mha
c2891.mha,c2891.mha
c2892.mha,c2892.mha
c2893.mha,c2893.mha
c2894.mha,c2894.mha
c2895.mha,c2895.mha
c2896.mha,c2896.mha
c2897.mha,c2897.mha
c2898.mha,c2898.mha
c2899.mha,c2899.mha
c2900.mha,c2900.mha
c2901.mha,c2901.mha
c2903.mha,c2903.mha
c2904.mha,c2904.mha
c2905.mha,c2905.mha
c2906.mha,c2906.mha
c2907.mha,c2907.mha
c2908.mha,c2908.mha
c2909.mha,c2909.mha
c2910.mha,c2910.mha
c2911.mha,c2911.mha
c2912.mha,c2912.mha
c2913.mha,c2913.mha
c2914.mha,c2914.mha
c2915.mha,c2915.mha
c2916.mha,c2916.mha
c2917.mha,c2917.mha
c2918.mha,c2918.mha
c2919.mha,c2919.mha
c2920.mha,c2920.mha
c2921.mha,c2921.mha
c2922.mha,c2922.mha
c2924.mha,c2924.mha
c2925.mha,c2925.mha
c2926.mha,c2926.mha
c2927.mha,c2927.mha
c2928.mha,c2928.mha
c2929.mha,c2929.mha
c2930.mha,c2930.mha
c2931.mha,c2931.mha
c2932.mha,c2932.mha
c2933.mha,c2933.mha
c2934.mha,c2934.mha
c2935.mha,c2935.mha
c2936.mha,c2936.mha
c2937.mha,c2937.mha
c2938.mha,c2938.mha
c2939.mha,c2939.mha
c2940.mha,c2940.mha
c2941.mha,c2941.mha
c2942.mha,c2942.mha
c2943.mha,c2943.mha
c2944.mha,c2944.mha
c2946.mha,c2946.mha
c2947.mha,c2947.mha
c2948.mha,c2948.mha
c2949.mha,c2949.mha
c2950.mha,c2950.mha
c2951.mha,c2951.mha
c2952.mha,c2952.mha
c2953.mha,c2953.mha
c2954.mha,c2954.mha
c2955.mha,c2955.mha
c2956.mha,c2956.mha
c2957.mha,c2957.mha
c2958.mha,c2958.mha
c2959.mha,c2959.mha
c2960.mha,c2960.mha
c2961.mha,c2961.mha
c2962.mha,c2962.mha
c2963.mha,c2963.mha
c2964.mha,c2964.mha
c2965.mha,c2965.mha
c2966.mha,c2966.mha
c2967.mha,c2967.mha
c2968.mha,c2968.mha
c2969.mha,c2969.mha
c2970.mha,c2970.mha
c2971.mha,c2971.mha
c2972.mha,c2972.mha
c2973.mha,c2973.mha
c2974.mha,c2974.mha
c2975.mha,c2975.mha
c2976.mha,c2976.mha
c2977.mha,c2977.mha
c2978.mha,c2978.mha
c2979.mha,c2979.mha
c2980.mha,c2980.mha
c2981.mha,c2981.mha
c2982.mha,c2982.mha
c2984.mha,c2984.mha
c2985.mha,c2985.mha
c2986.mha,c2986.mha
c2988.mha,c2988.mha
c2989.mha,c2989.mha
c2991.mha,c2991.mha
c2992.mha,c2992.mha
c2993.mha,c2993.mha
c2994.mha,c2994.mha
c2995.mha,c2995.mha
c2996.mha,c2996.mha
c2997.mha,c2997.mha
c2998.mha,c2998.mha
c2999.mha,c2999.mha
c3000.mha,c3000.mha
c3001.mha,c3001.mha
c3002.mha,c3002.mha
c3003.mha,c3003.mha
c3004.mha,c3004.mha
c3005.mha,c3005.mha
c3006.mha,c3006.mha
c3007.mha,c3007.mha
c3008.mha,c3008.mha
c3010.mha,c3010.mha
c3011.mha,c3011.mha
c3013.mha,c3013.mha
c3014.mha,c3014.mha
c3015.mha,c3015.mha
c3016.mha,c3016.mha
c3017.mha,c3017.mha
c3018.mha,c3018.mha
c3019.mha,c3019.mha
c3020.mha,c3020.mha
c3022.mha,c3022.mha
c3023.mha,c3023.mha
c3025.mha,c3025.mha
c3026.mha,c3026.mha
c3027.mha,c3027.mha
c3028.mha,c3028.mha
c3029.mha,c3029.mha
c3030.mha,c3030.mha
c3031.mha,c3031.mha
c3032.mha,c3032.mha
c3033.mha,c3033.mha
c3034.mha,c3034.mha
c3035.mha,c3035.mha
c3036.mha,c3036.mha
c3037.mha,c3037.mha
c3038.mha,c3038.mha
c3039.mha,c3039.mha
c3040.mha,c3040.mha
c3041.mha,c3041.mha
c3042.mha,c3042.mha
c3043.mha,c3043.mha
c3044.mha,c3044.mha
c3045.mha,c3045.mha
c3046.mha,c3046.mha
c3047.mha,c3047.mha
c3048.mha,c3048.mha
c3050.mha,c3050.mha
c3051.mha,c3051.mha
c3052.mha,c3052.mha
c3053.mha,c3053.mha
c3054.mha,c3054.mha
c3055.mha,c3055.mha
c3056.mha,c3056.mha
c3057.mha,c3057.mha
c3058.mha,c3058.mha
c3059.mha,c3059.mha
c3061.mha,c3061.mha
c3062.mha,c3062.mha
c3064.mha,c3064.mha
c3065.mha,c3065.mha
c3066.mha,c3066.mha
c3067.mha,c3067.mha
c3068.mha,c3068.mha
c3069.mha,c3069.mha
c3070.mha,c3070.mha
c3071.mha,c3071.mha
c3072.mha,c3072.mha
c3073.mha,c3073.mha
c3074.mha,c3074.mha
c3075.mha,c3075.mha
c3076.mha,c3076.mha
c3077.mha,c3077.mha
c3078.mha,c3078.mha
c3079.mha,c3079.mha
c3080.mha,c3080.mha
c3081.mha,c3081.mha
c3082.mha,c3082.mha
c3083.mha,c3083.mha
c3084.mha,c3084.mha
c3085.mha,c3085.mha
c3086.mha,c3086.mha
c3087.mha,c3087.mha
c3088.mha,c3088.mha
c3089.mha,c3089.mha
c3090.mha,c3090.mha
c3091.mha,c3091.mha
c3092.mha,c3092.mha
c3093.mha,c3093.mha
c3094.mha,c3094.mha
c3095.mha,c3095.mha
c3096.mha,c3096.mha
c3097.mha,c3097.mha
c3098.mha,c3098.mha
c3099.mha,c3099.mha
c3100.mha,c3100.mha
c3102.mha,c3102.mha
c3103.mha,c3103.mha
c3104.mha,c3104.mha
c3105.mha,c3105.mha
c3106.mha,c3106.mha
c3107.mha,c3107.mha
c3108.mha,c3108.mha
c3109.mha,c3109.mha
c3110.mha,c3110.mha
c3111.mha,c3111.mha
c3112.mha,c3112.mha
c3113.mha,c3113.mha
c3114.mha,c3114.mha
c3115.mha,c3115.mha
c3116.mha,c3116.mha
c3117.mha,c3117.mha
c3118.mha,c3118.mha
c3119.mha,c3119.mha
c3120.mha,c3120.mha
c3121.mha,c3121.mha
c3122.mha,c3122.mha
c3123.mha,c3123.mha
c3124.mha,c3124.mha
c3125.mha,c3125.mha
c3126.mha,c3126.mha
c3127.mha,c3127.mha
c3128.mha,c3128.mha
c3129.mha,c3129.mha
c3130.mha,c3130.mha
c3131.mha,c3131.mha
c3132.mha,c3132.mha
c3133.mha,c3133.mha
c3134.mha,c3134.mha
c3135.mha,c3135.mha
c3136.mha,c3136.mha
c3137.mha,c3137.mha
c3138.mha,c3138.mha
c3139.mha,c3139.mha
c3140.mha,c3140.mha
c3141.mha,c3141.mha
c3142.mha,c3142.mha
c3143.mha,c3143.mha
c3144.mha,c3144.mha
c3145.mha,c3145.mha
c3146.mha,c3146.mha
c3147.mha,c3147.mha
c3148.mha,c3148.mha
c3149.mha,c3149.mha
c3150.mha,c3150.mha
c3151.mha,c3151.mha
c3152.mha,c3152.mha
c3153.mha,c3153.mha
c3154.mha,c3154.mha
c3155.mha,c3155.mha
c3156.mha,c3156.mha
c3157.mha,c3157.mha
c3159.mha,c3159.mha
c3160.mha,c3160.mha
c3161.mha,c3161.mha
c3162.mha,c3162.mha
c3163.mha,c3163.mha
c3164.mha,c3164.mha
c3165.mha,c3165.mha
c3166.mha,c3166.mha
c3167.mha,c3167.mha
c3168.mha,c3168.mha
c3170.mha,c3170.mha
c3171.mha,c3171.mha
c3172.mha,c3172.mha
c3173.mha,c3173.mha
c3174.mha,c3174.mha
c3175.mha,c3175.mha
c3176.mha,c3176.mha
c3177.mha,c3177.mha
c3178.mha,c3178.mha
c3179.mha,c3179.mha
c3180.mha,c3180.mha
c3181.mha,c3181.mha
c3182.mha,c3182.mha
c3183.mha,c3183.mha
c3184.mha,c3184.mha
c3185.mha,c3185.mha
c3186.mha,c3186.mha
c3187.mha,c3187.mha
c3188.mha,c3188.mha
c3189.mha,c3189.mha
c3190.mha,c3190.mha
c3191.mha,c3191.mha
c3192.mha,c3192.mha
c3193.mha,c3193.mha
c3194.mha,c3194.mha
c3195.mha,c3195.mha
c3196.mha,c3196.mha
c3197.mha,c3197.mha
c3198.mha,c3198.mha
c3199.mha,c3199.mha
c3200.mha,c3200.mha
c3201.mha,c3201.mha
c3202.mha,c3202.mha
c3203.mha,c3203.mha
c3204.mha,c3204.mha
c3205.mha,c3205.mha
c3206.mha,c3206.mha
c3207.mha,c3207.mha
c3208.mha,c3208.mha
c3209.mha,c3209.mha
c3210.mha,c3210.mha
c3212.mha,c3212.mha
c3213.mha,c3213.mha
c3214.mha,c3214.mha
c3215.mha,c3215.mha
c3216.mha,c3216.mha
c3217.mha,c3217.mha
c3218.mha,c3218.mha
c3219.mha,c3219.mha
c3220.mha,c3220.mha
c3221.mha,c3221.mha
c3222.mha,c3222.mha
c3223.mha,c3223.mha
c3224.mha,c3224.mha
c3225.mha,c3225.mha
c3226.mha,c3226.mha
c3227.mha,c3227.mha
c3228.mha,c3228.mha
c3229.mha,c3229.mha
c3230.mha,c3230.mha
c3231.mha,c3231.mha
c3232.mha,c3232.mha
c3233.mha,c3233.mha
c3234.mha,c3234.mha
c3235.mha,c3235.mha
c3236.mha,c3236.mha
c3237.mha,c3237.mha
c3238.mha,c3238.mha
c3239.mha,c3239.mha
c3240.mha,c3240.mha
c3241.mha,c3241.mha
c3242.mha,c3242.mha
c3243.mha,c3243.mha
c3244.mha,c3244.mha
c3245.mha,c3245.mha
c3246.mha,c3246.mha
c3248.mha,c3248.mha
c3249.mha,c3249.mha
c3250.mha,c3250.mha
c3251.mha,c3251.mha
c3252.mha,c3252.mha
c3253.mha,c3253.mha
c3254.mha,c3254.mha
c3255.mha,c3255.mha
c3256.mha,c3256.mha
c3257.mha,c3257.mha
c3258.mha,c3258.mha
c3259.mha,c3259.mha
c3260.mha,c3260.mha
c3261.mha,c3261.mha
c3262.mha,c3262.mha
c3263.mha,c3263.mha
c3264.mha,c3264.mha
c3265.mha,c3265.mha
c3266.mha,c3266.mha
c3267.mha,c3267.mha
c3268.mha,c3268.mha
c3269.mha,c3269.mha
c3270.mha,c3270.mha
c3271.mha,c3271.mha
c3272.mha,c3272.mha
c3273.mha,c3273.mha
c3274.mha,c3274.mha
c3275.mha,c3275.mha
c3276.mha,c3276.mha
c3277.mha,c3277.mha
c3278.mha,c3278.mha
c3279.mha,c3279.mha
c3280.mha,c3280.mha
c3281.mha,c3281.mha
c3282.mha,c3282.mha
c3283.mha,c3283.mha
c3284.mha,c3284.mha
c3285.mha,c3285.mha
c3286.mha,c3286.mha
c3287.mha,c3287.mha
c3288.mha,c3288.mha
c3289.mha,c3289.mha
c3290.mha,c3290.mha
c3291.mha,c3291.mha
c3292.mha,c3292.mha
c3293.mha,c3293.mha
c3294.mha,c3294.mha
c3295.mha,c3295.mha
c3297.mha,c3297.mha
c3298.mha,c3298.mha
c3299.mha,c3299.mha
c3300.mha,c3300.mha
c3301.mha,c3301.mha
c3302.mha,c3302.mha
c3303.mha,c3303.mha
c3304.mha,c3304.mha
c3305.mha,c3305.mha
c3306.mha,c3306.mha
c3307.mha,c3307.mha
c3308.mha,c3308.mha
c3309.mha,c3309.mha
c3311.mha,c3311.mha
c3312.mha,c3312.mha
c3313.mha,c3313.mha
c3315.mha,c3315.mha
c3316.mha,c3316.mha
c3317.mha,c3317.mha
c3318.mha,c3318.mha
c3319.mha,c3319.mha
c3320.mha,c3320.mha
c3321.mha,c3321.mha
c3322.mha,c3322.mha
c3323.mha,c3323.mha
c3324.mha,c3324.mha
c3325.mha,c3325.mha
c3326.mha,c3326.mha
c3327.mha,c3327.mha
c3328.mha,c3328.mha
c3329.mha,c3329.mha
c3330.mha,c3330.mha
c3331.mha,c3331.mha
c3332.mha,c3332.mha
c3333.mha,c3333.mha
c3334.mha,c3334.mha
c3335.mha,c3335.mha
c3336.mha,c3336.mha
c3337.mha,c3337.mha
c3338.mha,c3338.mha
c3339.mha,c3339.mha
c3340.mha,c3340.mha
c3341.mha,c3341.mha
c3342.mha,c3342.mha
c3343.mha,c3343.mha
c3344.mha,c3344.mha
c3345.mha,c3345.mha
c3346.mha,c3346.mha
c3347.mha,c3347.mha
c3348.mha,c3348.mha
c3349.mha,c3349.mha
c3350.mha,c3350.mha
c3351.mha,c3351.mha
c3352.mha,c3352.mha
c3353.mha,c3353.mha
c3354.mha,c3354.mha
c3355.mha,c3355.mha
c3356.mha,c3356.mha
c3357.mha,c3357.mha
c3358.mha,c3358.mha
c3359.mha,c3359.mha
c3361.mha,c3361.mha
c3362.mha,c3362.mha
c3363.mha,c3363.mha
c3364.mha,c3364.mha
c3365.mha,c3365.mha
c3366.mha,c3366.mha
c3367.mha,c3367.mha
c3368.mha,c3368.mha
c3369.mha,c3369.mha
c3370.mha,c3370.mha
c3371.mha,c3371.mha
c3372.mha,c3372.mha
c3373.mha,c3373.mha
c3374.mha,c3374.mha
c3375.mha,c3375.mha
c3376.mha,c3376.mha
c3377.mha,c3377.mha
c3379.mha,c3379.mha
c3380.mha,c3380.mha
c3381.mha,c3381.mha
c3382.mha,c3382.mha
c3383.mha,c3383.mha
c3384.mha,c3384.mha
c3385.mha,c3385.mha
c3386.mha,c3386.mha
c3387.mha,c3387.mha
c3388.mha,c3388.mha
c3389.mha,c3389.mha
c3390.mha,c3390.mha
c3391.mha,c3391.mha
c3392.mha,c3392.mha
c3393.mha,c3393.mha
c3394.mha,c3394.mha
c3395.mha,c3395.mha
c3396.mha,c3396.mha
c3397.mha,c3397.mha
c3398.mha,c3398.mha
c3399.mha,c3399.mha
c3400.mha,c3400.mha
c3402.mha,c3402.mha
c3404.mha,c3404.mha
c3405.mha,c3405.mha
c3406.mha,c3406.mha
c3407.mha,c3407.mha
c3408.mha,c3408.mha
c3409.mha,c3409.mha
c3410.mha,c3410.mha
c3411.mha,c3411.mha
c3412.mha,c3412.mha
c3413.mha,c3413.mha
c3414.mha,c3414.mha
c3415.mha,c3415.mha
c3416.mha,c3416.mha
c3417.mha,c3417.mha
c3418.mha,c3418.mha
c3419.mha,c3419.mha
c3420.mha,c3420.mha
c3421.mha,c3421.mha
c3422.mha,c3422.mha
c3423.mha,c3423.mha
c3424.mha,c3424.mha
c3425.mha,c3425.mha
c3426.mha,c3426.mha
c3427.mha,c3427.mha
c3428.mha,c3428.mha
c3429.mha,c3429.mha
c3430.mha,c3430.mha
c3431.mha,c3431.mha
c3432.mha,c3432.mha
c3433.mha,c3433.mha
c3434.mha,c3434.mha
c3435.mha,c3435.mha
c3437.mha,c3437.mha
c3438.mha,c3438.mha
c3439.mha,c3439.mha
c3440.mha,c3440.mha
c3441.mha,c3441.mha
c3442.mha,c3442.mha
c3443.mha,c3443.mha
c3444.mha,c3444.mha
c3445.mha,c3445.mha
c3446.mha,c3446.mha
c3447.mha,c3447.mha
c3448.mha,c3448.mha
c3449.mha,c3449.mha
c3450.mha,c3450.mha
c3452.mha,c3452.mha
c3453.mha,c3453.mha
c3454.mha,c3454.mha
c3455.mha,c3455.mha
c3456.mha,c3456.mha
c3457.mha,c3457.mha
c3458.mha,c3458.mha
c3459.mha,c3459.mha
c3460.mha,c3460.mha
c3461.mha,c3461.mha
c3462.mha,c3462.mha
c3463.mha,c3463.mha
c3464.mha,c3464.mha
c3465.mha,c3465.mha
c3466.mha,c3466.mha
c3467.mha,c3467.mha
c3468.mha,c3468.mha
c3469.mha,c3469.mha
c3470.mha,c3470.mha
c3471.mha,c3471.mha
c3472.mha,c3472.mha
c3473.mha,c3473.mha
c3474.mha,c3474.mha
c3475.mha,c3475.mha
c3476.mha,c3476.mha
c3477.mha,c3477.mha
c3478.mha,c3478.mha
c3479.mha,c3479.mha
c3480.mha,c3480.mha
c3481.mha,c3481.mha
c3482.mha,c3482.mha
c3483.mha,c3483.mha
c3484.mha,c3484.mha
c3485.mha,c3485.mha
c3486.mha,c3486.mha
c3487.mha,c3487.mha
c3488.mha,c3488.mha
c3489.mha,c3489.mha
c3490.mha,c3490.mha
c3491.mha,c3491.mha
c3493.mha,c3493.mha
c3494.mha,c3494.mha
c3495.mha,c3495.mha
c3496.mha,c3496.mha
c3497.mha,c3497.mha
c3498.mha,c3498.mha
c3499.mha,c3499.mha
c3500.mha,c3500.mha
c3501.mha,c3501.mha
c3502.mha,c3502.mha
c3504.mha,c3504.mha
c3505.mha,c3505.mha
c3506.mha,c3506.mha
c3507.mha,c3507.mha
c3508.mha,c3508.mha
c3509.mha,c3509.mha
c3510.mha,c3510.mha
c3511.mha,c3511.mha
c3512.mha,c3512.mha
c3513.mha,c3513.mha
c3514.mha,c3514.mha
c3515.mha,c3515.mha
c3516.mha,c3516.mha
c3517.mha,c3517.mha
c3518.mha,c3518.mha
c3519.mha,c3519.mha
c3520.mha,c3520.mha
c3521.mha,c3521.mha
c3522.mha,c3522.mha
c3523.mha,c3523.mha
c3524.mha,c3524.mha
c3525.mha,c3525.mha
c3526.mha,c3526.mha
c3527.mha,c3527.mha
c3528.mha,c3528.mha
c3529.mha,c3529.mha
c3531.mha,c3531.mha
c3533.mha,c3533.mha
c3534.mha,c3534.mha
c3535.mha,c3535.mha
c3536.mha,c3536.mha
c3537.mha,c3537.mha
c3538.mha,c3538.mha
c3539.mha,c3539.mha
c3540.mha,c3540.mha
c3541.mha,c3541.mha
c3542.mha,c3542.mha
c3543.mha,c3543.mha
c3544.mha,c3544.mha
c3545.mha,c3545.mha
c3546.mha,c3546.mha
c3547.mha,c3547.mha
c3548.mha,c3548.mha
c3549.mha,c3549.mha
c3550.mha,c3550.mha
c3551.mha,c3551.mha
c3552.mha,c3552.mha
c3553.mha,c3553.mha
c3554.mha,c3554.mha
c3555.mha,c3555.mha
c3557.mha,c3557.mha
c3558.mha,c3558.mha
c3559.mha,c3559.mha
c3561.mha,c3561.mha
c3562.mha,c3562.mha
c3563.mha,c3563.mha
c3564.mha,c3564.mha
c3565.mha,c3565.mha
c3566.mha,c3566.mha
c3567.mha,c3567.mha
c3568.mha,c3568.mha
c3569.mha,c3569.mha
c3570.mha,c3570.mha
c3571.mha,c3571.mha
c3572.mha,c3572.mha
c3573.mha,c3573.mha
c3574.mha,c3574.mha
c3575.mha,c3575.mha
c3576.mha,c3576.mha
c3577.mha,c3577.mha
c3578.mha,c3578.mha
c3579.mha,c3579.mha
c3580.mha,c3580.mha
c3581.mha,c3581.mha
c3582.mha,c3582.mha
c3583.mha,c3583.mha
c3584.mha,c3584.mha
c3585.mha,c3585.mha
c3586.mha,c3586.mha
c3587.mha,c3587.mha
c3588.mha,c3588.mha
c3589.mha,c3589.mha
c3590.mha,c3590.mha
c3591.mha,c3591.mha
c3592.mha,c3592.mha
c3593.mha,c3593.mha
c3594.mha,c3594.mha
c3595.mha,c3595.mha
c3596.mha,c3596.mha
c3597.mha,c3597.mha
c3598.mha,c3598.mha
c3599.mha,c3599.mha
c3601.mha,c3601.mha
c3602.mha,c3602.mha
c3603.mha,c3603.mha
c3604.mha,c3604.mha
c3605.mha,c3605.mha
c3606.mha,c3606.mha
c3607.mha,c3607.mha
c3608.mha,c3608.mha
c3609.mha,c3609.mha
c3610.mha,c3610.mha
c3611.mha,c3611.mha
c3612.mha,c3612.mha
c3614.mha,c3614.mha
c3615.mha,c3615.mha
c3616.mha,c3616.mha
c3617.mha,c3617.mha
c3618.mha,c3618.mha
c3619.mha,c3619.mha
c3620.mha,c3620.mha
c3621.mha,c3621.mha
c3622.mha,c3622.mha
c3623.mha,c3623.mha
c3624.mha,c3624.mha
c3625.mha,c3625.mha
c3626.mha,c3626.mha
c3627.mha,c3627.mha
c3628.mha,c3628.mha
c3629.mha,c3629.mha
c3630.mha,c3630.mha
c3631.mha,c3631.mha
c3632.mha,c3632.mha
c3633.mha,c3633.mha
c3634.mha,c3634.mha
c3635.mha,c3635.mha
c3636.mha,c3636.mha
c3637.mha,c3637.mha
c3638.mha,c3638.mha
c3639.mha,c3639.mha
c3640.mha,c3640.mha
c3641.mha,c3641.mha
c3642.mha,c3642.mha
c3643.mha,c3643.mha
c3644.mha,c3644.mha
c3645.mha,c3645.mha
c3646.mha,c3646.mha
c3647.mha,c3647.mha
c3648.mha,c3648.mha
c3649.mha,c3649.mha
c3650.mha,c3650.mha
c3651.mha,c3651.mha
c3652.mha,c3652.mha
c3653.mha,c3653.mha
c3655.mha,c3655.mha
c3656.mha,c3656.mha
c3657.mha,c3657.mha
c3658.mha,c3658.mha
c3659.mha,c3659.mha
c3660.mha,c3660.mha
c3661.mha,c3661.mha
c3663.mha,c3663.mha
c3664.mha,c3664.mha
c3665.mha,c3665.mha
c3666.mha,c3666.mha
c3667.mha,c3667.mha
c3668.mha,c3668.mha
c3669.mha,c3669.mha
c3670.mha,c3670.mha
c3671.mha,c3671.mha
c3672.mha,c3672.mha
c3673.mha,c3673.mha
c3674.mha,c3674.mha
c3675.mha,c3675.mha
c3676.mha,c3676.mha
c3677.mha,c3677.mha
c3678.mha,c3678.mha
c3679.mha,c3679.mha
c3680.mha,c3680.mha
c3681.mha,c3681.mha
c3682.mha,c3682.mha
c3684.mha,c3684.mha
c3685.mha,c3685.mha
c3686.mha,c3686.mha
c3687.mha,c3687.mha
c3688.mha,c3688.mha
c3689.mha,c3689.mha
c3690.mha,c3690.mha
c3691.mha,c3691.mha
c3692.mha,c3692.mha
c3693.mha,c3693.mha
c3694.mha,c3694.mha
c3695.mha,c3695.mha
c3697.mha,c3697.mha
c3698.mha,c3698.mha
c3699.mha,c3699.mha
c3700.mha,c3700.mha
c3701.mha,c3701.mha
c3702.mha,c3702.mha
c3703.mha,c3703.mha
c3704.mha,c3704.mha
c3705.mha,c3705.mha
c3706.mha,c3706.mha
c3707.mha,c3707.mha
c3708.mha,c3708.mha
c3709.mha,c3709.mha
c3710.mha,c3710.mha
c3711.mha,c3711.mha
c3712.mha,c3712.mha
c3713.mha,c3713.mha
c3714.mha,c3714.mha
c3715.mha,c3715.mha
c3716.mha,c3716.mha
c3717.mha,c3717.mha
c3718.mha,c3718.mha
c3719.mha,c3719.mha
c3720.mha,c3720.mha
c3721.mha,c3721.mha
c3722.mha,c3722.mha
c3723.mha,c3723.mha
c3724.mha,c3724.mha
c3725.mha,c3725.mha
c3726.mha,c3726.mha
c3727.mha,c3727.mha
c3728.mha,c3728.mha
c3729.mha,c3729.mha
c3730.mha,c3730.mha
c3732.mha,c3732.mha
c3733.mha,c3733.mha
c3734.mha,c3734.mha
c3735.mha,c3735.mha
c3736.mha,c3736.mha
c3737.mha,c3737.mha
c3738.mha,c3738.mha
c3739.mha,c3739.mha
c3740.mha,c3740.mha
c3741.mha,c3741.mha
c3742.mha,c3742.mha
c3743.mha,c3743.mha
c3744.mha,c3744.mha
c3745.mha,c3745.mha
c3746.mha,c3746.mha
c3747.mha,c3747.mha
c3748.mha,c3748.mha
c3749.mha,c3749.mha
c3750.mha,c3750.mha
c3751.mha,c3751.mha
c3752.mha,c3752.mha
c3753.mha,c3753.mha
c3754.mha,c3754.mha
c3755.mha,c3755.mha
c3756.mha,c3756.mha
c3757.mha,c3757.mha
c3759.mha,c3759.mha
c3760.mha,c3760.mha
c3762.mha,c3762.mha
c3763.mha,c3763.mha
c3764.mha,c3764.mha
c3765.mha,c3765.mha
c3766.mha,c3766.mha
c3767.mha,c3767.mha
c3768.mha,c3768.mha
c3769.mha,c3769.mha
c3770.mha,c3770.mha
c3771.mha,c3771.mha
c3772.mha,c3772.mha
c3773.mha,c3773.mha
c3774.mha,c3774.mha
c3775.mha,c3775.mha
c3776.mha,c3776.mha
c3777.mha,c3777.mha
c3778.mha,c3778.mha
c3779.mha,c3779.mha
c3780.mha,c3780.mha
c3781.mha,c3781.mha
c3782.mha,c3782.mha
c3783.mha,c3783.mha
c3784.mha,c3784.mha
c3786.mha,c3786.mha
c3787.mha,c3787.mha
c3788.mha,c3788.mha
c3790.mha,c3790.mha
c3791.mha,c3791.mha
c3792.mha,c3792.mha
c3793.mha,c3793.mha
c3794.mha,c3794.mha
c3795.mha,c3795.mha
c3796.mha,c3796.mha
c3797.mha,c3797.mha
c3798.mha,c3798.mha
c3799.mha,c3799.mha
c3800.mha,c3800.mha
c3801.mha,c3801.mha
c3802.mha,c3802.mha
c3803.mha,c3803.mha
c3804.mha,c3804.mha
c3805.mha,c3805.mha
c3806.mha,c3806.mha
c3807.mha,c3807.mha
c3808.mha,c3808.mha
c3809.mha,c3809.mha
c3810.mha,c3810.mha
c3811.mha,c3811.mha
c3812.mha,c3812.mha
c3813.mha,c3813.mha
c3814.mha,c3814.mha
c3815.mha,c3815.mha
c3816.mha,c3816.mha
c3817.mha,c3817.mha
c3819.mha,c3819.mha
c3820.mha,c3820.mha
c3821.mha,c3821.mha
c3822.mha,c3822.mha
c3823.mha,c3823.mha
c3824.mha,c3824.mha
c3825.mha,c3825.mha
c3826.mha,c3826.mha
c3827.mha,c3827.mha
c3828.mha,c3828.mha
c3829.mha,c3829.mha
c3830.mha,c3830.mha
c3831.mha,c3831.mha
c3832.mha,c3832.mha
c3833.mha,c3833.mha
c3834.mha,c3834.mha
c3835.mha,c3835.mha
c3836.mha,c3836.mha
c3837.mha,c3837.mha
c3838.mha,c3838.mha
c3839.mha,c3839.mha
c3840.mha,c3840.mha
c3841.mha,c3841.mha
c3842.mha,c3842.mha
c3843.mha,c3843.mha
c3844.mha,c3844.mha
c3845.mha,c3845.mha
c3846.mha,c3846.mha
c3847.mha,c3847.mha
c3848.mha,c3848.mha
c3850.mha,c3850.mha
c3851.mha,c3851.mha
c3852.mha,c3852.mha
c3853.mha,c3853.mha
c3854.mha,c3854.mha
c3855.mha,c3855.mha
c3856.mha,c3856.mha
c3857.mha,c3857.mha
c3858.mha,c3858.mha
c3859.mha,c3859.mha
c3860.mha,c3860.mha
c3861.mha,c3861.mha
c3862.mha,c3862.mha
c3863.mha,c3863.mha
c3864.mha,c3864.mha
c3865.mha,c3865.mha
c3866.mha,c3866.mha
c3867.mha,c3867.mha
c3868.mha,c3868.mha
c3869.mha,c3869.mha
c3870.mha,c3870.mha
c3871.mha,c3871.mha
c3873.mha,c3873.mha
c3874.mha,c3874.mha
c3875.mha,c3875.mha
c3876.mha,c3876.mha
c3877.mha,c3877.mha
c3878.mha,c3878.mha
c3879.mha,c3879.mha
c3880.mha,c3880.mha
c3882.mha,c3882.mha
c3883.mha,c3883.mha
c3884.mha,c3884.mha
c3885.mha,c3885.mha
c3886.mha,c3886.mha
c3887.mha,c3887.mha
c3888.mha,c3888.mha
c3889.mha,c3889.mha
c3890.mha,c3890.mha
c3891.mha,c3891.mha
c3893.mha,c3893.mha
c3894.mha,c3894.mha
c3895.mha,c3895.mha
c3896.mha,c3896.mha
n0001.mha,n0001.mha
n0002.mha,n0002.mha
n0003.mha,n0003.mha
n0004.mha,n0004.mha
n0005.mha,n0005.mha
n0006.mha,n0006.mha
n0007.mha,n0007.mha
n0008.mha,n0008.mha
n0009.mha,n0009.mha
n0010.mha,n0010.mha
n0011.mha,n0011.mha
n0012.mha,n0012.mha
n0013.mha,n0013.mha
n0014.mha,n0014.mha
n0015.mha,n0015.mha
n0016.mha,n0016.mha
n0017.mha,n0017.mha
n0018.mha,n0018.mha
n0019.mha,n0019.mha
n0020.mha,n0020.mha
n0021.mha,n0021.mha
n0022.mha,n0022.mha
n0023.mha,n0023.mha
n0024.mha,n0024.mha
n0025.mha,n0025.mha
n0026.mha,n0026.mha
n0027.mha,n0027.mha
n0028.mha,n0028.mha
n0029.mha,n0029.mha
n0030.mha,n0030.mha
n0031.mha,n0031.mha
n0032.mha,n0032.mha
n0033.mha,n0033.mha
n0034.mha,n0034.mha
n0035.mha,n0035.mha
n0036.mha,n0036.mha
n0037.mha,n0037.mha
n0038.mha,n0038.mha
n0039.mha,n0039.mha
n0040.mha,n0040.mha
n0041.mha,n0041.mha
n0042.mha,n0042.mha
n0043.mha,n0043.mha
n0044.mha,n0044.mha
n0045.mha,n0045.mha
n0046.mha,n0046.mha
n0047.mha,n0047.mha
n0048.mha,n0048.mha
n0049.mha,n0049.mha
n0050.mha,n0050.mha
n0051.mha,n0051.mha
n0052.mha,n0052.mha
n0053.mha,n0053.mha
n0054.mha,n0054.mha
n0055.mha,n0055.mha
n0056.mha,n0056.mha
n0057.mha,n0057.mha
n0058.mha,n0058.mha
n0059.mha,n0059.mha
n0060.mha,n0060.mha
n0061.mha,n0061.mha
n0062.mha,n0062.mha
n0063.mha,n0063.mha
n0064.mha,n0064.mha
n0065.mha,n0065.mha
n0066.mha,n0066.mha
n0067.mha,n0067.mha
n0068.mha,n0068.mha
n0069.mha,n0069.mha
n0070.mha,n0070.mha
n0071.mha,n0071.mha
n0072.mha,n0072.mha
n0073.mha,n0073.mha
n0074.mha,n0074.mha
n0075.mha,n0075.mha
n0076.mha,n0076.mha
n0077.mha,n0077.mha
n0078.mha,n0078.mha
n0079.mha,n0079.mha
n0080.mha,n0080.mha
n0081.mha,n0081.mha
n0082.mha,n0082.mha
n0083.mha,n0083.mha
n0084.mha,n0084.mha
n0085.mha,n0085.mha
n0086.mha,n0086.mha
n0087.mha,n0087.mha
n0088.mha,n0088.mha
n0089.mha,n0089.mha
n0090.mha,n0090.mha
n0091.mha,n0091.mha
n0092.mha,n0092.mha
n0093.mha,n0093.mha
n0094.mha,n0094.mha
n0095.mha,n0095.mha
n0096.mha,n0096.mha
n0097.mha,n0097.mha
n0098.mha,n0098.mha
n0099.mha,n0099.mha
n0100.mha,n0100.mha
n0101.mha,n0101.mha
n0102.mha,n0102.mha
n0103.mha,n0103.mha
n0104.mha,n0104.mha
n0105.mha,n0105.mha
n0106.mha,n0106.mha
n0107.mha,n0107.mha
n0108.mha,n0108.mha
n0109.mha,n0109.mha
n0110.mha,n0110.mha
n0111.mha,n0111.mha
n0112.mha,n0112.mha
n0113.mha,n0113.mha
n0114.mha,n0114.mha
n0115.mha,n0115.mha
n0116.mha,n0116.mha
n0117.mha,n0117.mha
n0118.mha,n0118.mha
n0119.mha,n0119.mha
n0120.mha,n0120.mha
n0121.mha,n0121.mha
n0122.mha,n0122.mha
n0123.mha,n0123.mha
n0124.mha,n0124.mha
n0125.mha,n0125.mha
n0126.mha,n0126.mha
n0127.mha,n0127.mha
n0128.mha,n0128.mha
n0129.mha,n0129.mha
n0130.mha,n0130.mha
n0131.mha,n0131.mha
n0132.mha,n0132.mha
n0133.mha,n0133.mha
n0134.mha,n0134.mha
n0135.mha,n0135.mha
n0136.mha,n0136.mha
n0137.mha,n0137.mha
n0138.mha,n0138.mha
n0139.mha,n0139.mha
n0140.mha,n0140.mha
n0141.mha,n0141.mha
n0142.mha,n0142.mha
n0143.mha,n0143.mha
n0144.mha,n0144.mha
n0145.mha,n0145.mha
n0146.mha,n0146.mha
n0147.mha,n0147.mha
n0148.mha,n0148.mha
n0149.mha,n0149.mha
n0150.mha,n0150.mha
n0151.mha,n0151.mha
n0152.mha,n0152.mha
n0153.mha,n0153.mha
n0154.mha,n0154.mha
n0155.mha,n0155.mha
n0156.mha,n0156.mha
n0157.mha,n0157.mha
n0158.mha,n0158.mha
n0159.mha,n0159.mha
n0160.mha,n0160.mha
n0161.mha,n0161.mha
n0162.mha,n0162.mha
n0163.mha,n0163.mha
n0164.mha,n0164.mha
n0165.mha,n0165.mha
n0166.mha,n0166.mha
n0167.mha,n0167.mha
n0168.mha,n0168.mha
n0169.mha,n0169.mha
n0170.mha,n0170.mha
n0171.mha,n0171.mha
n0172.mha,n0172.mha
n0173.mha,n0173.mha
n0174.mha,n0174.mha
n0175.mha,n0175.mha
n0176.mha,n0176.mha
n0177.mha,n0177.mha
n0178.mha,n0178.mha
n0179.mha,n0179.mha
n0180.mha,n0180.mha
n0181.mha,n0181.mha
n0182.mha,n0182.mha
n0183.mha,n0183.mha
n0184.mha,n0184.mha
n0185.mha,n0185.mha
n0186.mha,n0186.mha
n0187.mha,n0187.mha
n0188.mha,n0188.mha
n0189.mha,n0189.mha
n0190.mha,n0190.mha
n0191.mha,n0191.mha
n0192.mha,n0192.mha
n0193.mha,n0193.mha
n0194.mha,n0194.mha
n0195.mha,n0195.mha
n0196.mha,n0196.mha
n0197.mha,n0197.mha
n0198.mha,n0198.mha
n0199.mha,n0199.mha
n0200.mha,n0200.mha
n0201.mha,n0201.mha
n0202.mha,n0202.mha
n0203.mha,n0203.mha
n0204.mha,n0204.mha
n0205.mha,n0205.mha
n0206.mha,n0206.mha
n0207.mha,n0207.mha
n0208.mha,n0208.mha
n0209.mha,n0209.mha
n0210.mha,n0210.mha
n0211.mha,n0211.mha
n0212.mha,n0212.mha
n0213.mha,n0213.mha
n0214.mha,n0214.mha
n0215.mha,n0215.mha
n0216.mha,n0216.mha
n0217.mha,n0217.mha
n0218.mha,n0218.mha
n0219.mha,n0219.mha
n0220.mha,n0220.mha
n0221.mha,n0221.mha
n0222.mha,n0222.mha
n0223.mha,n0223.mha
n0224.mha,n0224.mha
n0225.mha,n0225.mha
n0226.mha,n0226.mha
n0227.mha,n0227.mha
n0228.mha,n0228.mha
n0229.mha,n0229.mha
n0230.mha,n0230.mha
n0231.mha,n0231.mha
n0232.mha,n0232.mha
n0233.mha,n0233.mha
n0234.mha,n0234.mha
n0235.mha,n0235.mha
n0236.mha,n0236.mha
n0237.mha,n0237.mha
n0238.mha,n0238.mha
n0239.mha,n0239.mha
n0240.mha,n0240.mha
n0241.mha,n0241.mha
n0242.mha,n0242.mha
n0243.mha,n0243.mha
n0244.mha,n0244.mha
n0245.mha,n0245.mha
n0246.mha,n0246.mha
n0247.mha,n0247.mha
n0248.mha,n0248.mha
n0249.mha,n0249.mha
n0250.mha,n0250.mha
n0251.mha,n0251.mha
n0252.mha,n0252.mha
n0253.mha,n0253.mha
n0254.mha,n0254.mha
n0255.mha,n0255.mha
n0256.mha,n0256.mha
n0257.mha,n0257.mha
n0258.mha,n0258.mha
n0259.mha,n0259.mha
n0260.mha,n0260.mha
n0261.mha,n0261.mha
n0262.mha,n0262.mha
n0263.mha,n0263.mha
n0264.mha,n0264.mha
n0265.mha,n0265.mha
n0266.mha,n0266.mha
n0267.mha,n0267.mha
n0268.mha,n0268.mha
n0269.mha,n0269.mha
n0270.mha,n0270.mha
n0271.mha,n0271.mha
n0272.mha,n0272.mha
n0273.mha,n0273.mha
n0274.mha,n0274.mha
n0275.mha,n0275.mha
n0276.mha,n0276.mha
n0277.mha,n0277.mha
n0278.mha,n0278.mha
n0279.mha,n0279.mha
n0280.mha,n0280.mha
n0281.mha,n0281.mha
n0282.mha,n0282.mha
n0283.mha,n0283.mha
n0284.mha,n0284.mha
n0285.mha,n0285.mha
n0286.mha,n0286.mha
n0287.mha,n0287.mha
n0288.mha,n0288.mha
n0289.mha,n0289.mha
n0290.mha,n0290.mha
n0291.mha,n0291.mha
n0292.mha,n0292.mha
n0293.mha,n0293.mha
n0294.mha,n0294.mha
n0295.mha,n0295.mha
n0296.mha,n0296.mha
n0297.mha,n0297.mha
n0298.mha,n0298.mha
n0299.mha,n0299.mha
n0300.mha,n0300.mha
n0301.mha,n0301.mha
n0302.mha,n0302.mha
n0303.mha,n0303.mha
n0304.mha,n0304.mha
n0305.mha,n0305.mha
n0306.mha,n0306.mha
n0307.mha,n0307.mha
n0308.mha,n0308.mha
n0309.mha,n0309.mha
n0310.mha,n0310.mha
n0311.mha,n0311.mha
n0312.mha,n0312.mha
n0313.mha,n0313.mha
n0314.mha,n0314.mha
n0315.mha,n0315.mha
n0316.mha,n0316.mha
n0317.mha,n0317.mha
n0318.mha,n0318.mha
n0319.mha,n0319.mha
n0320.mha,n0320.mha
n0321.mha,n0321.mha
n0322.mha,n0322.mha
n0323.mha,n0323.mha
n0324.mha,n0324.mha
n0325.mha,n0325.mha
n0326.mha,n0326.mha
n0327.mha,n0327.mha
n0328.mha,n0328.mha
n0329.mha,n0329.mha
n0330.mha,n0330.mha
n0331.mha,n0331.mha
n0332.mha,n0332.mha
n0333.mha,n0333.mha
n0334.mha,n0334.mha
n0335.mha,n0335.mha
n0336.mha,n0336.mha
n0337.mha,n0337.mha
n0338.mha,n0338.mha
n0339.mha,n0339.mha
n0340.mha,n0340.mha
n0341.mha,n0341.mha
n0342.mha,n0342.mha
n0343.mha,n0343.mha
n0344.mha,n0344.mha
n0345.mha,n0345.mha
n0346.mha,n0346.mha
n0347.mha,n0347.mha
n0348.mha,n0348.mha
n0349.mha,n0349.mha
n0350.mha,n0350.mha
n0351.mha,n0351.mha
n0352.mha,n0352.mha
n0353.mha,n0353.mha
n0354.mha,n0354.mha
n0355.mha,n0355.mha
n0356.mha,n0356.mha
n0357.mha,n0357.mha
n0358.mha,n0358.mha
n0359.mha,n0359.mha
n0360.mha,n0360.mha
n0361.mha,n0361.mha
n0362.mha,n0362.mha
n0363.mha,n0363.mha
n0364.mha,n0364.mha
n0365.mha,n0365.mha
n0366.mha,n0366.mha
n0367.mha,n0367.mha
n0368.mha,n0368.mha
n0369.mha,n0369.mha
n0370.mha,n0370.mha
n0371.mha,n0371.mha
n0372.mha,n0372.mha
n0373.mha,n0373.mha
n0374.mha,n0374.mha
n0375.mha,n0375.mha
n0376.mha,n0376.mha
n0377.mha,n0377.mha
n0378.mha,n0378.mha
n0379.mha,n0379.mha
n0380.mha,n0380.mha
n0381.mha,n0381.mha
n0382.mha,n0382.mha
n0383.mha,n0383.mha
n0384.mha,n0384.mha
n0385.mha,n0385.mha
n0386.mha,n0386.mha
n0387.mha,n0387.mha
n0388.mha,n0388.mha
n0389.mha,n0389.mha
n0390.mha,n0390.mha
n0391.mha,n0391.mha
n0392.mha,n0392.mha
n0393.mha,n0393.mha
n0394.mha,n0394.mha
n0395.mha,n0395.mha
n0396.mha,n0396.mha
n0397.mha,n0397.mha
n0398.mha,n0398.mha
n0399.mha,n0399.mha
n0400.mha,n0400.mha
n0401.mha,n0401.mha
n0402.mha,n0402.mha
n0403.mha,n0403.mha
n0404.mha,n0404.mha
n0405.mha,n0405.mha
n0406.mha,n0406.mha
n0407.mha,n0407.mha
n0408.mha,n0408.mha
n0409.mha,n0409.mha
n0410.mha,n0410.mha
n0411.mha,n0411.mha
n0412.mha,n0412.mha
n0413.mha,n0413.mha
n0414.mha,n0414.mha
n0415.mha,n0415.mha
n0416.mha,n0416.mha
n0417.mha,n0417.mha
n0418.mha,n0418.mha
n0419.mha,n0419.mha
n0420.mha,n0420.mha
n0421.mha,n0421.mha
n0422.mha,n0422.mha
n0423.mha,n0423.mha
n0424.mha,n0424.mha
n0425.mha,n0425.mha
n0426.mha,n0426.mha
n0427.mha,n0427.mha
n0428.mha,n0428.mha
n0429.mha,n0429.mha
n0430.mha,n0430.mha
n0431.mha,n0431.mha
n0432.mha,n0432.mha
n0433.mha,n0433.mha
n0434.mha,n0434.mha
n0435.mha,n0435.mha
n0436.mha,n0436.mha
n0437.mha,n0437.mha
n0438.mha,n0438.mha
n0439.mha,n0439.mha
n0440.mha,n0440.mha
n0441.mha,n0441.mha
n0442.mha,n0442.mha
n0443.mha,n0443.mha
n0444.mha,n0444.mha
n0445.mha,n0445.mha
n0446.mha,n0446.mha
n0447.mha,n0447.mha
n0448.mha,n0448.mha
n0449.mha,n0449.mha
n0450.mha,n0450.mha
n0451.mha,n0451.mha
n0452.mha,n0452.mha
n0453.mha,n0453.mha
n0454.mha,n0454.mha
n0455.mha,n0455.mha
n0456.mha,n0456.mha
n0457.mha,n0457.mha
n0458.mha,n0458.mha
n0459.mha,n0459.mha
n0460.mha,n0460.mha
n0461.mha,n0461.mha
n0462.mha,n0462.mha
n0463.mha,n0463.mha
n0464.mha,n0464.mha
n0465.mha,n0465.mha
n0466.mha,n0466.mha
n0467.mha,n0467.mha
n0468.mha,n0468.mha
n0469.mha,n0469.mha
n0470.mha,n0470.mha
n0471.mha,n0471.mha
n0472.mha,n0472.mha
n0473.mha,n0473.mha
n0474.mha,n0474.mha
n0475.mha,n0475.mha
n0476.mha,n0476.mha
n0477.mha,n0477.mha
n0478.mha,n0478.mha
n0479.mha,n0479.mha
n0480.mha,n0480.mha
n0481.mha,n0481.mha
n0482.mha,n0482.mha
n0483.mha,n0483.mha
n0484.mha,n0484.mha
n0485.mha,n0485.mha
n0486.mha,n0486.mha
n0487.mha,n0487.mha
n0488.mha,n0488.mha
n0489.mha,n0489.mha
n0490.mha,n0490.mha
n0491.mha,n0491.mha
n0492.mha,n0492.mha
n0493.mha,n0493.mha
n0494.mha,n0494.mha
n0495.mha,n0495.mha
n0496.mha,n0496.mha
n0497.mha,n0497.mha
n0498.mha,n0498.mha
n0499.mha,n0499.mha
n0500.mha,n0500.mha
n0501.mha,n0501.mha
n0502.mha,n0502.mha
n0503.mha,n0503.mha
n0504.mha,n0504.mha
n0505.mha,n0505.mha
n0506.mha,n0506.mha
n0507.mha,n0507.mha
n0508.mha,n0508.mha
n0509.mha,n0509.mha
n0510.mha,n0510.mha
n0511.mha,n0511.mha
n0512.mha,n0512.mha
n0513.mha,n0513.mha
n0514.mha,n0514.mha
n0515.mha,n0515.mha
n0516.mha,n0516.mha
n0517.mha,n0517.mha
n0518.mha,n0518.mha
n0519.mha,n0519.mha
n0520.mha,n0520.mha
n0521.mha,n0521.mha
n0522.mha,n0522.mha
n0523.mha,n0523.mha
n0524.mha,n0524.mha
n0525.mha,n0525.mha
n0526.mha,n0526.mha
n0527.mha,n0527.mha
n0528.mha,n0528.mha
n0529.mha,n0529.mha
n0530.mha,n0530.mha
n0531.mha,n0531.mha
n0532.mha,n0532.mha
n0533.mha,n0533.mha
n0534.mha,n0534.mha
n0535.mha,n0535.mha
n0536.mha,n0536.mha
n0537.mha,n0537.mha
n0538.mha,n0538.mha
n0539.mha,n0539.mha
n0540.mha,n0540.mha
n0541.mha,n0541.mha
n0542.mha,n0542.mha
n0543.mha,n0543.mha
n0544.mha,n0544.mha
n0545.mha,n0545.mha
n0546.mha,n0546.mha
n0547.mha,n0547.mha
n0548.mha,n0548.mha
n0549.mha,n0549.mha
n0550.mha,n0550.mha
n0551.mha,n0551.mha
n0552.mha,n0552.mha
n0553.mha,n0553.mha
n0554.mha,n0554.mha
n0555.mha,n0555.mha
n0556.mha,n0556.mha
n0557.mha,n0557.mha
n0558.mha,n0558.mha
n0559.mha,n0559.mha
n0560.mha,n0560.mha
n0561.mha,n0561.mha
n0562.mha,n0562.mha
n0563.mha,n0563.mha
n0564.mha,n0564.mha
n0565.mha,n0565.mha
n0566.mha,n0566.mha
n0567.mha,n0567.mha
n0568.mha,n0568.mha
n0569.mha,n0569.mha
n0570.mha,n0570.mha
n0571.mha,n0571.mha
n0572.mha,n0572.mha
n0573.mha,n0573.mha
n0574.mha,n0574.mha
n0575.mha,n0575.mha
n0576.mha,n0576.mha
n0577.mha,n0577.mha
n0578.mha,n0578.mha
n0579.mha,n0579.mha
n0580.mha,n0580.mha
n0581.mha,n0581.mha
n0582.mha,n0582.mha
n0583.mha,n0583.mha
n0584.mha,n0584.mha
n0585.mha,n0585.mha
n0586.mha,n0586.mha
n0587.mha,n0587.mha
n0588.mha,n0588.mha
n0589.mha,n0589.mha
n0590.mha,n0590.mha
n0591.mha,n0591.mha
n0592.mha,n0592.mha
n0593.mha,n0593.mha
n0594.mha,n0594.mha
n0595.mha,n0595.mha
n0596.mha,n0596.mha
n0597.mha,n0597.mha
n0598.mha,n0598.mha
n0599.mha,n0599.mha
n0600.mha,n0600.mha
n0601.mha,n0601.mha
n0602.mha,n0602.mha
n0603.mha,n0603.mha
n0604.mha,n0604.mha
n0605.mha,n0605.mha
n0606.mha,n0606.mha
n0607.mha,n0607.mha
n0608.mha,n0608.mha
n0609.mha,n0609.mha
n0610.mha,n0610.mha
n0611.mha,n0611.mha
n0612.mha,n0612.mha
n0613.mha,n0613.mha
n0614.mha,n0614.mha
n0615.mha,n0615.mha
n0616.mha,n0616.mha
n0617.mha,n0617.mha
n0618.mha,n0618.mha
n0619.mha,n0619.mha
n0620.mha,n0620.mha
n0621.mha,n0621.mha
n0622.mha,n0622.mha
n0623.mha,n0623.mha
n0624.mha,n0624.mha
n0625.mha,n0625.mha
n0626.mha,n0626.mha
n0627.mha,n0627.mha
n0628.mha,n0628.mha
n0629.mha,n0629.mha
n0630.mha,n0630.mha
n0631.mha,n0631.mha
n0632.mha,n0632.mha
n0633.mha,n0633.mha
n0634.mha,n0634.mha
n0635.mha,n0635.mha
n0636.mha,n0636.mha
n0637.mha,n0637.mha
n0638.mha,n0638.mha
n0639.mha,n0639.mha
n0640.mha,n0640.mha
n0641.mha,n0641.mha
n0642.mha,n0642.mha
n0643.mha,n0643.mha
n0644.mha,n0644.mha
n0645.mha,n0645.mha
n0646.mha,n0646.mha
n0647.mha,n0647.mha
n0648.mha,n0648.mha
n0649.mha,n0649.mha
n0650.mha,n0650.mha
n0651.mha,n0651.mha
n0652.mha,n0652.mha
n0653.mha,n0653.mha
n0654.mha,n0654.mha
n0655.mha,n0655.mha
n0656.mha,n0656.mha
n0657.mha,n0657.mha
n0658.mha,n0658.mha
n0659.mha,n0659.mha
n0660.mha,n0660.mha
n0661.mha,n0661.mha
n0662.mha,n0662.mha
n0663.mha,n0663.mha
n0664.mha,n0664.mha
n0665.mha,n0665.mha
n0666.mha,n0666.mha
n0667.mha,n0667.mha
n0668.mha,n0668.mha
n0669.mha,n0669.mha
n0670.mha,n0670.mha
n0671.mha,n0671.mha
n0672.mha,n0672.mha
n0673.mha,n0673.mha
n0674.mha,n0674.mha
n0675.mha,n0675.mha
n0676.mha,n0676.mha
n0677.mha,n0677.mha
n0678.mha,n0678.mha
n0679.mha,n0679.mha
n0680.mha,n0680.mha
n0681.mha,n0681.mha
n0682.mha,n0682.mha
n0683.mha,n0683.mha
n0684.mha,n0684.mha
n0685.mha,n0685.mha
n0686.mha,n0686.mha
n0687.mha,n0687.mha
n0688.mha,n0688.mha
n0689.mha,n0689.mha
n0690.mha,n0690.mha
n0691.mha,n0691.mha
n0692.mha,n0692.mha
n0693.mha,n0693.mha
n0694.mha,n0694.mha
n0695.mha,n0695.mha
n0696.mha,n0696.mha
n0697.mha,n0697.mha
n0698.mha,n0698.mha
n0699.mha,n0699.mha
n0700.mha,n0700.mha
n0701.mha,n0701.mha
n0702.mha,n0702.mha
n0703.mha,n0703.mha
n0704.mha,n0704.mha
n0705.mha,n0705.mha
n0706.mha,n0706.mha
n0707.mha,n0707.mha
n0708.mha,n0708.mha
n0709.mha,n0709.mha
n0710.mha,n0710.mha
n0711.mha,n0711.mha
n0712.mha,n0712.mha
n0713.mha,n0713.mha
n0714.mha,n0714.mha
n0715.mha,n0715.mha
n0716.mha,n0716.mha
n0717.mha,n0717.mha
n0718.mha,n0718.mha
n0719.mha,n0719.mha
n0720.mha,n0720.mha
n0721.mha,n0721.mha
n0722.mha,n0722.mha
n0723.mha,n0723.mha
n0724.mha,n0724.mha
n0725.mha,n0725.mha
n0726.mha,n0726.mha
n0727.mha,n0727.mha
n0728.mha,n0728.mha
n0729.mha,n0729.mha
n0730.mha,n0730.mha
n0731.mha,n0731.mha
n0732.mha,n0732.mha
n0733.mha,n0733.mha
n0734.mha,n0734.mha
n0735.mha,n0735.mha
n0736.mha,n0736.mha
n0737.mha,n0737.mha
n0738.mha,n0738.mha
n0739.mha,n0739.mha
n0740.mha,n0740.mha
n0741.mha,n0741.mha
n0742.mha,n0742.mha
n0743.mha,n0743.mha
n0744.mha,n0744.mha
n0745.mha,n0745.mha
n0746.mha,n0746.mha
n0747.mha,n0747.mha
n0748.mha,n0748.mha
n0749.mha,n0749.mha
n0750.mha,n0750.mha
n0751.mha,n0751.mha
n0752.mha,n0752.mha
n0753.mha,n0753.mha
n0754.mha,n0754.mha
n0755.mha,n0755.mha
n0756.mha,n0756.mha
n0757.mha,n0757.mha
n0758.mha,n0758.mha
n0759.mha,n0759.mha
n0760.mha,n0760.mha
n0761.mha,n0761.mha
n0762.mha,n0762.mha
n0763.mha,n0763.mha
n0764.mha,n0764.mha
n0765.mha,n0765.mha
n0766.mha,n0766.mha
n0767.mha,n0767.mha
n0768.mha,n0768.mha
n0769.mha,n0769.mha
n0770.mha,n0770.mha
n0771.mha,n0771.mha
n0772.mha,n0772.mha
n0773.mha,n0773.mha
n0774.mha,n0774.mha
n0775.mha,n0775.mha
n0776.mha,n0776.mha
n0777.mha,n0777.mha
n0778.mha,n0778.mha
n0779.mha,n0779.mha
n0780.mha,n0780.mha
n0781.mha,n0781.mha
n0782.mha,n0782.mha
n0783.mha,n0783.mha
n0784.mha,n0784.mha
n0785.mha,n0785.mha
n0786.mha,n0786.mha
n0787.mha,n0787.mha
n0788.mha,n0788.mha
n0789.mha,n0789.mha
n0790.mha,n0790.mha
n0791.mha,n0791.mha
n0792.mha,n0792.mha
n0793.mha,n0793.mha
n0794.mha,n0794.mha
n0795.mha,n0795.mha
n0796.mha,n0796.mha
n0797.mha,n0797.mha
n0798.mha,n0798.mha
n0799.mha,n0799.mha
n0800.mha,n0800.mha
n0801.mha,n0801.mha
n0802.mha,n0802.mha
n0803.mha,n0803.mha
n0804.mha,n0804.mha
n0805.mha,n0805.mha
n0806.mha,n0806.mha
n0807.mha,n0807.mha
n0808.mha,n0808.mha
n0809.mha,n0809.mha
n0810.mha,n0810.mha
n0811.mha,n0811.mha
n0812.mha,n0812.mha
n0813.mha,n0813.mha
n0814.mha,n0814.mha
n0815.mha,n0815.mha
n0816.mha,n0816.mha
n0817.mha,n0817.mha
n0818.mha,n0818.mha
n0819.mha,n0819.mha
n0820.mha,n0820.mha
n0821.mha,n0821.mha
n0822.mha,n0822.mha
n0823.mha,n0823.mha
n0824.mha,n0824.mha
n0825.mha,n0825.mha
n0826.mha,n0826.mha
n0827.mha,n0827.mha
n0828.mha,n0828.mha
n0829.mha,n0829.mha
n0830.mha,n0830.mha
n0831.mha,n0831.mha
n0832.mha,n0832.mha
n0833.mha,n0833.mha
n0834.mha,n0834.mha
n0835.mha,n0835.mha
n0836.mha,n0836.mha
n0837.mha,n0837.mha
n0838.mha,n0838.mha
n0839.mha,n0839.mha
n0840.mha,n0840.mha
n0841.mha,n0841.mha
n0842.mha,n0842.mha
n0843.mha,n0843.mha
n0844.mha,n0844.mha
n0845.mha,n0845.mha
n0846.mha,n0846.mha
n0847.mha,n0847.mha
n0848.mha,n0848.mha
n0849.mha,n0849.mha
n0850.mha,n0850.mha
n0851.mha,n0851.mha
n0852.mha,n0852.mha
n0853.mha,n0853.mha
n0854.mha,n0854.mha
n0855.mha,n0855.mha
n0856.mha,n0856.mha
n0857.mha,n0857.mha
n0858.mha,n0858.mha
n0859.mha,n0859.mha
n0860.mha,n0860.mha
n0861.mha,n0861.mha
n0862.mha,n0862.mha
n0863.mha,n0863.mha
n0864.mha,n0864.mha
n0865.mha,n0865.mha
n0866.mha,n0866.mha
n0867.mha,n0867.mha
n0868.mha,n0868.mha
n0869.mha,n0869.mha
n0870.mha,n0870.mha
n0871.mha,n0871.mha
n0872.mha,n0872.mha
n0873.mha,n0873.mha
n0874.mha,n0874.mha
n0875.mha,n0875.mha
n0876.mha,n0876.mha
n0877.mha,n0877.mha
n0878.mha,n0878.mha
n0879.mha,n0879.mha
n0880.mha,n0880.mha
n0881.mha,n0881.mha
n0882.mha,n0882.mha
n0883.mha,n0883.mha
n0884.mha,n0884.mha
n0885.mha,n0885.mha
n0886.mha,n0886.mha
n0887.mha,n0887.mha
n0888.mha,n0888.mha
n0889.mha,n0889.mha
n0890.mha,n0890.mha
n0891.mha,n0891.mha
n0892.mha,n0892.mha
n0893.mha,n0893.mha
n0894.mha,n0894.mha
n0895.mha,n0895.mha
n0896.mha,n0896.mha
n0897.mha,n0897.mha
n0898.mha,n0898.mha
n0899.mha,n0899.mha
n0900.mha,n0900.mha
n0901.mha,n0901.mha
n0902.mha,n0902.mha
n0903.mha,n0903.mha
n0904.mha,n0904.mha
n0905.mha,n0905.mha
n0906.mha,n0906.mha
n0907.mha,n0907.mha
n0908.mha,n0908.mha
n0909.mha,n0909.mha
n0910.mha,n0910.mha
n0911.mha,n0911.mha
n0912.mha,n0912.mha
n0913.mha,n0913.mha
n0914.mha,n0914.mha
n0915.mha,n0915.mha
n0916.mha,n0916.mha
n0917.mha,n0917.mha
n0918.mha,n0918.mha
n0919.mha,n0919.mha
n0920.mha,n0920.mha
n0921.mha,n0921.mha
n0922.mha,n0922.mha
n0923.mha,n0923.mha
n0924.mha,n0924.mha
n0925.mha,n0925.mha
n0926.mha,n0926.mha
n0927.mha,n0927.mha
n0928.mha,n0928.mha
n0929.mha,n0929.mha
n0930.mha,n0930.mha
n0931.mha,n0931.mha
n0932.mha,n0932.mha
n0933.mha,n0933.mha
n0934.mha,n0934.mha
n0935.mha,n0935.mha
n0936.mha,n0936.mha
n0937.mha,n0937.mha
n0938.mha,n0938.mha
n0939.mha,n0939.mha
n0940.mha,n0940.mha
n0941.mha,n0941.mha
n0942.mha,n0942.mha
n0943.mha,n0943.mha
n0944.mha,n0944.mha
n0945.mha,n0945.mha
n0946.mha,n0946.mha
n0947.mha,n0947.mha
n0948.mha,n0948.mha
n0949.mha,n0949.mha
n0950.mha,n0950.mha
n0951.mha,n0951.mha
n0952.mha,n0952.mha
n0953.mha,n0953.mha
n0954.mha,n0954.mha
n0955.mha,n0955.mha
n0956.mha,n0956.mha
n0957.mha,n0957.mha
n0958.mha,n0958.mha
n0959.mha,n0959.mha
n0960.mha,n0960.mha
n0961.mha,n0961.mha
n0962.mha,n0962.mha
n0963.mha,n0963.mha
n0964.mha,n0964.mha
n0965.mha,n0965.mha
n0966.mha,n0966.mha
n0967.mha,n0967.mha
n0968.mha,n0968.mha
n0969.mha,n0969.mha
n0970.mha,n0970.mha
n0971.mha,n0971.mha
n0972.mha,n0972.mha
n0973.mha,n0973.mha
n0974.mha,n0974.mha
n0975.mha,n0975.mha
n0976.mha,n0976.mha
n0977.mha,n0977.mha
n0978.mha,n0978.mha
n0979.mha,n0979.mha
n0980.mha,n0980.mha
n0981.mha,n0981.mha
n0982.mha,n0982.mha
n0983.mha,n0983.mha
n0984.mha,n0984.mha
n0985.mha,n0985.mha
n0986.mha,n0986.mha
n0987.mha,n0987.mha
n0988.mha,n0988.mha
n0989.mha,n0989.mha
n0990.mha,n0990.mha
n0991.mha,n0991.mha
n0992.mha,n0992.mha
n0993.mha,n0993.mha
n0994.mha,n0994.mha
n0995.mha,n0995.mha
n0996.mha,n0996.mha
n0997.mha,n0997.mha
n0998.mha,n0998.mha
n0999.mha,n0999.mha
n1000.mha,n1000.mha
n1001.mha,n1001.mha
n1002.mha,n1002.mha
n1003.mha,n1003.mha
n1004.mha,n1004.mha
n1005.mha,n1005.mha
n1006.mha,n1006.mha
n1007.mha,n1007.mha
n1008.mha,n1008.mha
n1009.mha,n1009.mha
n1010.mha,n1010.mha
n1011.mha,n1011.mha
n1012.mha,n1012.mha
n1013.mha,n1013.mha
n1014.mha,n1014.mha
n1015.mha,n1015.mha
n1016.mha,n1016.mha
n1017.mha,n1017.mha
n1018.mha,n1018.mha
n1019.mha,n1019.mha
n1020.mha,n1020.mha
n1021.mha,n1021.mha
n1022.mha,n1022.mha
n1023.mha,n1023.mha
n1024.mha,n1024.mha
n1025.mha,n1025.mha
n1026.mha,n1026.mha
n1027.mha,n1027.mha
n1028.mha,n1028.mha
n1029.mha,n1029.mha
n1030.mha,n1030.mha
n1031.mha,n1031.mha
n1032.mha,n1032.mha
n1033.mha,n1033.mha
n1034.mha,n1034.mha
n1035.mha,n1035.mha
n1036.mha,n1036.mha
n1037.mha,n1037.mha
n1038.mha,n1038.mha
n1039.mha,n1039.mha
n1040.mha,n1040.mha
n1041.mha,n1041.mha
n1042.mha,n1042.mha
n1043.mha,n1043.mha
n1044.mha,n1044.mha
n1045.mha,n1045.mha
n1046.mha,n1046.mha
n1047.mha,n1047.mha
n1048.mha,n1048.mha
n1049.mha,n1049.mha
n1050.mha,n1050.mha
n1051.mha,n1051.mha
n1052.mha,n1052.mha
n1053.mha,n1053.mha
n1054.mha,n1054.mha
n1055.mha,n1055.mha
n1056.mha,n1056.mha
n1057.mha,n1057.mha
n1058.mha,n1058.mha
n1059.mha,n0507.mha
n1060.mha,n1060.mha
n1061.mha,n1061.mha
n1062.mha,n1062.mha
n1063.mha,n1063.mha
n1064.mha,n1064.mha
n1065.mha,n1065.mha
n1066.mha,n1066.mha
n1067.mha,n1067.mha
n1068.mha,n1068.mha
n1069.mha,n1069.mha
n1070.mha,n1070.mha
n1071.mha,n1071.mha
n1072.mha,n1072.mha
n1073.mha,n1073.mha
n1074.mha,n1074.mha
n1075.mha,n1075.mha
n1076.mha,n1076.mha
n1077.mha,n1077.mha
n1078.mha,n1078.mha
n1079.mha,n1079.mha
n1080.mha,n1080.mha
n1081.mha,n1081.mha
n1082.mha,n1082.mha
n1083.mha,n1083.mha
n1084.mha,n1084.mha
n1085.mha,n1085.mha
n1086.mha,n1086.mha
n1087.mha,n1087.mha
n1088.mha,n1088.mha
n1089.mha,n1089.mha
n1090.mha,n1090.mha
n1091.mha,n1091.mha
n1092.mha,n1092.mha
n1093.mha,n1093.mha
n1094.mha,n1094.mha
n1095.mha,n1095.mha
n1096.mha,n1096.mha
n1097.mha,n1097.mha
n1098.mha,n1098.mha
n1099.mha,n1099.mha
n1100.mha,n1100.mha
n1101.mha,n1101.mha
n1102.mha,n1102.mha
n1103.mha,n1103.mha
n1104.mha,n1104.mha
n1105.mha,n1105.mha
n1106.mha,n1106.mha
n1107.mha,n1107.mha
n1108.mha,n1108.mha
n1109.mha,n1109.mha
n1110.mha,n1110.mha
n1111.mha,n1111.mha
n1112.mha,n1112.mha
n1113.mha,n1113.mha
n1114.mha,n1114.mha
n1115.mha,n1115.mha
n1116.mha,n1116.mha
n1117.mha,n1117.mha
n1118.mha,n1118.mha
n1119.mha,n1119.mha
n1120.mha,n1120.mha
n1121.mha,n1121.mha
n1122.mha,n1122.mha
n1123.mha,n1123.mha
n1124.mha,n1124.mha
n1125.mha,n1125.mha
n1126.mha,n1126.mha
n1127.mha,n1127.mha
n1128.mha,n1128.mha
n1129.mha,n1129.mha
n1130.mha,n1130.mha
n1131.mha,n1131.mha
n1132.mha,n1132.mha
n1133.mha,n1133.mha
n1134.mha,n1134.mha
