a,b,corr
n0507.mha,n1059.mha,1.0000000000000007
c0604.mha,c3611.mha,0.9728071688334139
c2632.mha,c2964.mha,0.9712125649139414
c3205.mha,c3795.mha,0.9708809299613048
c1790.mha,c3611.mha,0.9698860399162208
c3611.mha,n0413.mha,0.9697805526324292
c0604.mha,c1790.mha,0.9695203650525441
c0525.mha,c3181.mha,0.9693402727004132
c1548.mha,c2619.mha,0.9692478425461735
c0004.mha,n0080.mha,0.9688865527658621
c2964.mha,c3380.mha,0.9684516335182896
n0453.mha,n0616.mha,0.9682777632299046
c0604.mha,n0413.mha,0.9680031030122082
c3795.mha,n0080.mha,0.9679234782473677
c1726.mha,n0080.mha,0.9679156153851716
c3318.mha,c3795.mha,0.967677717324546
c0365.mha,n0339.mha,0.9675988495304584
c0004.mha,c1726.mha,0.9675480340488075
c0273.mha,c2732.mha,0.967497712263687
c0604.mha,c1555.mha,0.967250781182305
c0793.mha,n0080.mha,0.967226876603857
c0945.mha,c3795.mha,0.9672234663178999
c0538.mha,n0080.mha,0.9671197158713394
c0882.mha,n0080.mha,0.9671165916575912
c0004.mha,c0107.mha,0.9669258391027948
c0398.mha,c2009.mha,0.9667359977709766
c0538.mha,c0882.mha,0.9666257301526374
c0007.mha,c3358.mha,0.9665885616087744
c1555.mha,c2330.mha,0.9665118919972124
n0777.mha,n0883.mha,0.9664488929781776
c1801.mha,c2737.mha,0.9661696752358291
c0007.mha,c2076.mha,0.9660863459794581
c3050.mha,c3611.mha,0.9660738580628353
n0061.mha,n0453.mha,0.9660499813803685
c2943.mha,c3611.mha,0.9658601258009186
c0538.mha,c1430.mha,0.9657850674074681
c0107.mha,c0319.mha,0.9657664435275344
c0538.mha,c3795.mha,0.9656637052408887
c0793.mha,c1726.mha,0.965610138664904
c3205.mha,n0080.mha,0.9655355901580498
c0347.mha,c1442.mha,0.9654237547610063
c0604.mha,c2943.mha,0.965293671971545
n0416.mha,n0616.mha,0.9652290779950837
c0107.mha,c0185.mha,0.9652269564143464
c1790.mha,n0413.mha,0.9652215016454984
c0538.mha,c2477.mha,0.9651683694667762
c1726.mha,c2445.mha,0.9651477416692117
c2009.mha,n0453.mha,0.965144495383554
c3318.mha,n0080.mha,0.9649125799674305
c0185.mha,n0080.mha,0.9648880447812481
c1748.mha,n0080.mha,0.9648840511388129
c2009.mha,n0616.mha,0.9648803562821652
n0014.mha,n0658.mha,0.964799414182509
c1555.mha,n0413.mha,0.9647970616884998
c0134.mha,c2058.mha,0.9646977408061322
c2076.mha,c3358.mha,0.9646139820233915
c1528.mha,c1676.mha,0.9645564428056995
c0004.mha,c0185.mha,0.964523623402386
c0649.mha,n0080.mha,0.9645000456742581
n0260.mha,n0692.mha,0.9644823174609087
c3090.mha,c3611.mha,0.9644661939530681
c1748.mha,c3795.mha,0.9644449822083296
c0398.mha,n0061.mha,0.9644238036978651
c1430.mha,n0080.mha,0.9644013370975362
c1817.mha,c3358.mha,0.9643905111974421
c2632.mha,c3380.mha,0.96435429326829
n0061.mha,n0616.mha,0.9643532759771978
c0641.mha,c2930.mha,0.964339395472819
c0007.mha,n0616.mha,0.9643351774649342
c1555.mha,c2842.mha,0.9643127407455115
c0390.mha,c2964.mha,0.9642809622318803
c1682.mha,n0653.mha,0.9642708733773309
c2330.mha,n0413.mha,0.9642335073997195
c0604.mha,c3090.mha,0.9642231025256676
c1801.mha,n0339.mha,0.964221128937396
c1555.mha,c3611.mha,0.9641064560307656
c2841.mha,n0486.mha,0.9639626898830786
c2731.mha,n0692.mha,0.9639342839493716
c0946.mha,n0080.mha,0.9639300199633647
c0273.mha,c2905.mha,0.9639087212901213
c2269.mha,c3865.mha,0.9639051648482373
c2943.mha,n0413.mha,0.9638919502907077
c1058.mha,c1373.mha,0.9638604790069221
c0173.mha,n0453.mha,0.9638182918942553
c0087.mha,n0453.mha,0.9638102620376086
c0107.mha,n0080.mha,0.9638044733035773
c0649.mha,c1726.mha,0.9638003783915713
c2312.mha,n0007.mha,0.9637822423289797
c3358.mha,n0616.mha,0.9637572452630165
c2943.mha,c3050.mha,0.9636814887288216
c0428.mha,c2103.mha,0.9636671379271697
c3174.mha,c3445.mha,0.9636666526523359
c0428.mha,c0875.mha,0.9636249102705154
c0004.mha,c0946.mha,0.9636175172369681
c0319.mha,c3795.mha,0.9635549349438419
c0538.mha,c3318.mha,0.9635505700191676
c0004.mha,c3795.mha,0.9635192922301006
c1014.mha,c1748.mha,0.963501283671267
c1631.mha,n0014.mha,0.9634982240197556
c0475.mha,n0453.mha,0.9634855217896549
c2943.mha,n0777.mha,0.9634853048560077
c0004.mha,c0538.mha,0.9634517199061157
c1318.mha,n0616.mha,0.9633612024568653
c0428.mha,c0624.mha,0.9633380813835477
c0398.mha,c1817.mha,0.9633263868015196
c2109.mha,c3349.mha,0.9633111578697382
c1373.mha,n0453.mha,0.963310772012115
c2985.mha,c2994.mha,0.9632779859031193
c1373.mha,n0616.mha,0.9632672692634531
c0882.mha,c3795.mha,0.9632502493536296
c2076.mha,c2083.mha,0.9632496946750806
c2826.mha,c3349.mha,0.9632388574411352
c1430.mha,c1807.mha,0.9631650248745052
c0793.mha,c2304.mha,0.9631307738681962
c1615.mha,c3046.mha,0.9630746037137577
c1058.mha,c1109.mha,0.9630668734766848
c1748.mha,c3318.mha,0.9630622489029736
c2119.mha,c2948.mha,0.963035431638059
c1058.mha,n0453.mha,0.9630245645674904
c1339.mha,n0080.mha,0.9630109015861898
c0882.mha,c1807.mha,0.9630003046211957
c3824.mha,n0617.mha,0.9629998233855082
c0398.mha,c3358.mha,0.9629379157419651
c0319.mha,c0538.mha,0.9629294880839069
c1801.mha,n0005.mha,0.962920754442913
c1177.mha,c2498.mha,0.9628740101617497
c1284.mha,c3358.mha,0.962862007980143
c1790.mha,c2842.mha,0.9628126475313382
c2436.mha,c2964.mha,0.9627949544212254
c3057.mha,c3829.mha,0.9627840517728696
c0428.mha,n0260.mha,0.9627732958196986
c0205.mha,c3123.mha,0.9627493275748036
c2994.mha,c3046.mha,0.9627483564015056
c3046.mha,n0207.mha,0.9627464214350042
c1635.mha,n1045.mha,0.9627454804026355
c2985.mha,n0416.mha,0.9627371491702653
c0004.mha,c3318.mha,0.9627015350320147
c0145.mha,c3772.mha,0.9626945053439726
c0347.mha,n0616.mha,0.9626873580736736
c0604.mha,c3050.mha,0.9626645152333594
c0365.mha,c0428.mha,0.9626500773705802
c0256.mha,c1318.mha,0.9626465983998233
c2722.mha,c2964.mha,0.9626239116188591
n0441.mha,n0876.mha,0.9626219212453256
c1548.mha,c2528.mha,0.962602250005365
c2732.mha,c2905.mha,0.9625935956539262
c0273.mha,c0704.mha,0.9625925644306723
c0852.mha,c2119.mha,0.9625489137398549
c0256.mha,c3358.mha,0.9625482324221474
c1807.mha,n0080.mha,0.9625417775231829
c1442.mha,c3757.mha,0.9624969335383441
c0945.mha,n0080.mha,0.962476450932308
c2842.mha,c3050.mha,0.962419980486129
c0624.mha,n0339.mha,0.9624118738164075
c1871.mha,n0453.mha,0.962411405835421
c0946.mha,c1726.mha,0.9624046589487147
c0007.mha,c3139.mha,0.9623710218635514
c0107.mha,c1014.mha,0.9623242572739332
c2943.mha,n0908.mha,0.9622983769434403
c2009.mha,n0416.mha,0.9622912778799746
c2304.mha,n0080.mha,0.9622833747767211
c1930.mha,n0724.mha,0.9622801460587016
c0365.mha,c2103.mha,0.9622620588165383
c3046.mha,n0416.mha,0.9622498235803344
n0005.mha,n0692.mha,0.9622494820477531
c0390.mha,c3380.mha,0.9622460898719093
c0704.mha,c2732.mha,0.9622398938964807
c0793.mha,c2445.mha,0.9622393708482434
c0004.mha,c2477.mha,0.9622281135566984
c0319.mha,c1014.mha,0.962227132406076
c0793.mha,c0946.mha,0.962218385354425
c0305.mha,c3174.mha,0.9622109469251141
c0319.mha,c1430.mha,0.9622022856528395
c2994.mha,n0416.mha,0.9621844748931181
c3219.mha,n0453.mha,0.962141516712594
c2251.mha,c2842.mha,0.9621300956837818
c0043.mha,n0824.mha,0.9621222795782771
c0004.mha,c0319.mha,0.9620962903337517
c0004.mha,c0793.mha,0.9620953220514196
n0533.mha,n0946.mha,0.9620495715959059
c1162.mha,n0453.mha,0.9620429034995726
c0173.mha,n0416.mha,0.9620411985942787
c2919.mha,c3120.mha,0.9620181156585212
c0007.mha,c1050.mha,0.9619892545024158
c2689.mha,n0061.mha,0.9618528926161978
c1635.mha,c1729.mha,0.9618364333047019
c0851.mha,c2842.mha,0.9618237323260583
c0475.mha,c0908.mha,0.961819378038171
c1555.mha,c1790.mha,0.9618061184564104
c0205.mha,c3727.mha,0.9617822854699362
c1555.mha,c3050.mha,0.9617740054167536
c2436.mha,c2632.mha,0.9617715815092838
c1109.mha,c1318.mha,0.961702729135313
c1896.mha,c3627.mha,0.9616963959392828
c2109.mha,c3463.mha,0.9616951629199457
c0256.mha,c0868.mha,0.9616717454630566
c0007.mha,c1442.mha,0.9616716204461699
c0173.mha,c0475.mha,0.9616693131158383
c1817.mha,n0061.mha,0.9616603296685499
c0868.mha,c2988.mha,0.9616555583472963
